resource_id,name,payload_file_offset,bytes,sha256,comparison_to_supplied_DOS,extracted_path
0,Owner resource,0x177788,42,d9e11713655b5778479878a573b958fe594e927838dee1fd4ac513133d6e32f6,not supplied,resources/extracted/Owner resource
32302,at.rl,0x1777B6,760,bb14f4022e2b576736e85a05e957edbe08e241cbd9470df49915e5783b6036d3,identical,resources/extracted/at.rl
32303,b.rl,0x177AB2,2800,3a7b4d7f077ac821530e36011da9c74cf3145817d9efc68ebeec9246bc2974ea,identical,resources/extracted/b.rl
32304,ch.rl,0x1785A6,1620,1924cd6c8e75173073332322d406eb0ed85a6fdf4dea2359267653f2a996fad0,identical,resources/extracted/ch.rl
32305,d.rl,0x178BFE,7100,bd2dcc252e4a1f5265fc496ecaec811f1a6770099d66395fd7ad104ddb3290ee,identical,resources/extracted/d.rl
32306,dr.rl,0x17A7BE,2140,182b7a43bdc87203929dd901e61d503ab169123c719f0388ae71a4a623cceebc,identical,resources/extracted/dr.rl
32307,fh.rl,0x17B01E,3960,9ceb9436f7dd649650d293e7f1ea6adbdd21154522e0e0ff1a01549f450ebe7e,identical,resources/extracted/fh.rl
32308,ga.rl,0x17BF9A,2860,fd45f7a038695937a05c27e11fbf77d4d7d6e6f735875e1f818716063a7243bd,identical,resources/extracted/ga.rl
32309,hdisk.rl,0x17CACA,200,daa2ff3868a2c9bbf77ab7b52f1ec215c670091d6be7f159281dacd0e3a71bee,different,resources/extracted/hdisk.rl
32310,htbd.rl,0x17CB96,3960,9c41f65a6e0e0606885a291db136dc3a24f3d1a3ba2878fd26735a39403bde7a,identical,resources/extracted/htbd.rl
32311,intro.rl,0x17DB12,1960,31ad12fcf955529ddd6a35fbaf2077d876baccef98114372db0c840692e25d0c,identical,resources/extracted/intro.rl
32312,jhek.rl,0x17E2BE,4760,33c612349274e7a6f1229d155179db75df850f79602527c253334866864b01f7,identical,resources/extracted/jhek.rl
32313,k.rl,0x17F55A,16360,4809f7f5af7720b9ab183cf26adee8748536ed8f03d95fa301a8873438d7be2c,identical,resources/extracted/k.rl
32314,la.rl,0x183546,2500,f8bb0bf23ce2c8268bee92f613a882d78cd6fbbcd1ff09ef758fdaedbd84a92d,identical,resources/extracted/la.rl
32315,li.rl,0x183F0E,2000,eb03ebf947540677b500fd119153ac70a5c292ae95841d8f8b71fcc69721f24d,identical,resources/extracted/li.rl
32316,mb.rl,0x1846E2,1280,5504861acf1865f2a38ce4c88a808faba9b54f1f5fe822c221407d829f940919,identical,resources/extracted/mb.rl
32317,mc.rl,0x184BE6,2240,bd4cf8edc2f3b387ee0841995c1077ffcee26d53dce21dced99c7d6edd8caa05,identical,resources/extracted/mc.rl
32318,mu.rl,0x1854AA,860,98a95469e863b7575968f361df980ff01080e8a1c8064f85e32b4f55b1f6257a,identical,resources/extracted/mu.rl
32319,n.rl,0x18580A,10920,39e77033c4dca1e8ca86acb7c4a3c3760d6f1ea0a76961f0739bd092dd2c2724,identical,resources/extracted/n.rl
32320,p.rl,0x1882B6,880,cd6cbd295758fc4e4b43b2738a5c6a50c1497cd987822f4ea9b9ee3468628771,identical,resources/extracted/p.rl
32321,xmi.rl,0x18862A,1420,7ad14d524f6100c823b8fe9cd0914f45706ba414af3ac76f453d4e7bbc0c872f,identical,resources/extracted/xmi.rl
32322,gamwav.rl,0x188BBA,3700,59db11ffaa012b2efd213306b8e7b6f86902dfb4985e12e75e699ef76ac83dc9,identical,resources/extracted/gamwav.rl
32323,at.grv,0x189A32,6725,3d0fa6bcd40a832abb2ef6bf4ec9091f4c2e09ad0f74a7911488b9e5bc006a11,identical,resources/extracted/at.grv
32324,B.GRV,0x18B47B,2388,bfdc325c89747dac50f109699956c45e003944f5bab2092d4d204c3d386343e6,identical,resources/extracted/B.GRV
32325,CH.GRV,0x18BDD3,7365,b689035a1f02648d153c1f513e6151b8013fce0f7f4399abf383b8f14c5bc2c6,identical,resources/extracted/CH.GRV
32326,CR.GRV,0x18DA9C,1654,1df412062a7da4f7fb224d1cc8da07356ca8d7b4146bc0ddbd7107768acfb97e,identical,resources/extracted/CR.GRV
32327,D.GRV,0x18E116,2100,44b076296eb7a4cc41e052d39571d63b3bf3354a04113b9f81506b5c9c6dc811,identical,resources/extracted/D.GRV
32328,DEMO.GRV,0x18E94E,466,593591c78656084882ea688bb711cc0c4420ccef6c214482556f9545a5281444,different,resources/extracted/DEMO.GRV
32329,DR.GRV,0x18EB24,5546,9e3bb8735c30275b40ee6b3451b9abd472aa72fb50ab86ed3b9aeff165df2898,identical,resources/extracted/DR.GRV
32330,EK.GRV,0x1900D2,3169,b54ef6eb11f64d8ad7c93df8eb8e0dc68974c79fc696f33023177220ac10b5a0,identical,resources/extracted/EK.GRV
32331,F.GRV,0x190D37,1349,09fb803e7fda01fc68b3a899ee329fe94cbda54c68f21f5c3ed33955753ef259,identical,resources/extracted/F.GRV
32332,GA.GRV,0x191280,2442,881faed7d1afad002351f7c22f3d68df0e5d77eb8be43a1126bc7b82edce51d2,identical,resources/extracted/GA.GRV
32333,GRATE.GRV,0x191C0E,1086,3c276cbb0a8b5a84a109a9db2a2958da8c0f117bf1c4ba5210119b918b725e8e,identical,resources/extracted/GRATE.GRV
32334,H.GRV,0x192050,3140,3d97a376796eb77b70b39dce111314a45fd7313d178f53eee8cfca846b36198d,identical,resources/extracted/H.GRV
32335,HM.GRV,0x192C98,5153,6608ed91a05c6749fb9a3293f8665f420bd8e89c793f8044fab5a5f05c6014e7,identical,resources/extracted/HM.GRV
32336,JH.GRV,0x1940BD,3224,329381248ed56db1e052ab53ad4a1ae6c29601b9afe567e696df068c615c0b23,identical,resources/extracted/JH.GRV
32337,K.GRV,0x194D59,1873,27bfa59eac1adfe06f1e3c809451ede9f2700d3772d20b2f1d3f8c4103b73d61,identical,resources/extracted/K.GRV
32339,LI.GRV,0x1954AE,2168,85164d9159e1030ea284ec58a29789e2745f3567afbe299bd2ea77c10af2007f,identical,resources/extracted/LI.GRV
32340,MAZE.GRV,0x195D2A,3652,c6de4be84360b4d14e39a4babe17c49713224e36a76248533eb689dbd3f721f6,identical,resources/extracted/MAZE.GRV
32341,MB.GRV,0x196B72,3981,c4317661c94d21191c6071a7774c13823515221657cd0c27273dcc28afa21d52,identical,resources/extracted/MB.GRV
32342,MU.GRV,0x197B03,1354,4bc189e9e74178b8d1784309666a7cc28a28c5ee060dcb87d01fefefedeac6f2,identical,resources/extracted/MU.GRV
32343,N.GRV,0x198051,842,b8136f852c7ccbf7dd5ff93b75ab556f46c45f290faea4a3b70fccc93b1fe998,identical,resources/extracted/N.GRV
32344,P.GRV,0x19839F,1125,e47745d48ba47eda49b2b6f2e0f506c5b709345a4cc6b5aeae3e17f9e58ab293,identical,resources/extracted/P.GRV
32346,ROB.GJD,0x198808,47668,c8ebaadaa4881cd93f48e90fb90145a460946be980dead2622ca18791edb06d0,identical,resources/extracted/ROB.GJD
32338,LA.GRV,0x1A4240,6524,3a0b7167c8a7052eddc6e507e731310672510dae6a0763e8654d0eaea7616add,different,resources/extracted/LA.GRV
32345,script.grv,0x1A5BC0,17191,9122fed89eaab00137d1531508f1747230a49077eb9f3f1ff1c9a4e99279f492,different,resources/extracted/script.grv
20000,lut,0x1A9EEB,65536,8df6bba7d6488d3b45572c8a08f400556de791e8b4d2cacbf81af22cc7215848,not supplied,resources/extracted/lut
32423,Gump,0x1B9EEF,24,5e5984094c9c153b660d1f59516dc6bbdf62bcd60ce5a49277d36dbaa853f15f,not supplied,resources/extracted/Gump
