entry,a5_relative_offset,code_resource,segment_code_offset,payload_offset,macbinary_file_offset,first_8_bytes
0,0x0020,1,0x0008,0x000C,0x012C7A,42780a4a9dce4eba
1,0x0028,1,0x00A6,0x00AA,0x012D18,205f32183418b058
2,0x0030,1,0x00BA,0x00BE,0x012D2C,205f32183418b098
3,0x0038,1,0x00CE,0x00D2,0x012D40,205f32183418b042
4,0x0040,1,0x00EA,0x00EE,0x012D5C,202f00042f410004
5,0x0048,1,0x0120,0x0124,0x012D92,202f00042f410004
6,0x0050,1,0x0140,0x0144,0x012DB2,202f00042f410004
7,0x0058,1,0x0162,0x0166,0x012DD4,202f00042f410004
8,0x0060,1,0x0182,0x0186,0x012DF4,202f00042f410004
9,0x0068,1,0x023C,0x0240,0x012EAE,4e75000002900000
10,0x0070,2,0x42DE,0x42E2,0x00534A,4e56fffe426e0014
11,0x0078,2,0x4312,0x4316,0x00537E,4e560000426e0014
12,0x0080,2,0x436E,0x4372,0x0053DA,4e56fffe426e0014
13,0x0088,2,0x4502,0x4506,0x00556E,4e56fffc4aae0008
14,0x0090,2,0x4E12,0x4E16,0x005E7E,4a2ddcda67124267
15,0x0098,2,0x5038,0x503C,0x0060A4,a0634ebafe244ead
16,0x00A0,2,0x5052,0x5056,0x0060BE,4e56ffee48e70318
17,0x00A8,2,0x5148,0x514C,0x0061B4,4e56ffd848e70018
18,0x00B0,2,0x57BE,0x57C2,0x00682A,4e56fffc2f0c4a6d
19,0x00B8,2,0x5E02,0x5E06,0x006E6E,4e5600004aae0008
20,0x00C0,2,0x5F9A,0x5F9E,0x007006,4e56fff22f2e0008
21,0x00C8,2,0x6186,0x618A,0x0071F2,4e56fff0486efff0
22,0x00D0,2,0x667A,0x667E,0x0076E6,2f0c4ead01b26014
23,0x00D8,2,0x66CA,0x66CE,0x007736,4e56fffc486efffc
24,0x00E0,2,0x3D02,0x3D06,0x004D6E,4e56000042672f2e
25,0x00E8,2,0x4038,0x403C,0x0050A4,4e56fffa42addca8
26,0x00F0,2,0x40B0,0x40B4,0x00511C,4e56fffe42addca8
27,0x00F8,2,0x410A,0x410E,0x005176,4e56fffe2f0742ad
28,0x0100,2,0x4184,0x4188,0x0051F0,4e56fffe42addca8
29,0x0108,2,0x2878,0x287C,0x0038E4,4e56000070ff4e5e
30,0x0110,2,0x0CF6,0x0CFA,0x001D62,48e7010849edd848
31,0x0118,2,0x0D1C,0x0D20,0x001D88,4e56ffce48e70018
32,0x0120,2,0x0540,0x0544,0x0015AC,4e75610400000000
33,0x0128,2,0x04A0,0x04A4,0x00150C,42674eba0008a9f4
34,0x0130,2,0x0494,0x0498,0x001500,3f3c00014eba0012
35,0x0138,2,0x39B6,0x39BA,0x004A22,4e56fff248e70108
36,0x0140,2,0x295C,0x2960,0x0039C8,206f0004226f0008
37,0x0148,2,0x296C,0x2970,0x0039D8,206f0004226f0008
38,0x0150,2,0x2982,0x2986,0x0039EE,206f0004226f0008
39,0x0158,2,0x2A7C,0x2A80,0x003AE8,70ff206f00045280
40,0x0160,5,0x04AC,0x04B0,0x007C16,4e56000048e70108
41,0x0168,5,0x05BA,0x05BE,0x007D24,4e56000048e70108
42,0x0170,5,0x06EE,0x06F2,0x007E58,4e5600002f0c6012
43,0x0178,5,0x20B0,0x20B4,0x00981A,4e56ffe448e70108
44,0x0180,5,0x2226,0x222A,0x009990,48e700184ebaf76c
45,0x0188,5,0x444E,0x4452,0x00BBB8,4e56000048e70308
46,0x0190,5,0x45F2,0x45F6,0x00BD5C,4e56feee48e71f18
47,0x0198,5,0x4560,0x4564,0x00BCCA,4e5600002f07206e
48,0x01A0,5,0x6C7A,0x6C7E,0x00E3E4,4e754e56fffc48e7
49,0x01A8,5,0x6C14,0x6C18,0x00E37E,4e56ff882d6dfa6a
50,0x01B0,5,0x6C12,0x6C16,0x00E37C,4e754e56ff882d6d
51,0x01B8,5,0x6B7E,0x6B82,0x00E2E8,4e56fff22d6dfa64
52,0x01C0,5,0x0000,0x0004,0x00776A,4e56ffae48e70318
53,0x01C8,4,0x05E2,0x05E6,0x00F2BA,4e56ff7c48e70f18
54,0x01D0,4,0x0740,0x0744,0x00F418,4e56ff862f073d6e
55,0x01D8,4,0x079A,0x079E,0x00F472,4e56ff8648e70300
56,0x01E0,4,0x0820,0x0824,0x00F4F8,4e56ff863d6e0010
57,0x01E8,4,0x08E0,0x08E4,0x00F5B8,4e56ffcc2f073d6e
58,0x01F0,4,0x3E0E,0x3E12,0x012AE6,4e5600004a2dff28
59,0x01F8,4,0x289C,0x28A0,0x011574,4e56000048e70108
60,0x0200,4,0x2A3A,0x2A3E,0x011712,4e56fff048e70038
61,0x0208,4,0x28CA,0x28CE,0x0115A2,4e56000048e70308
62,0x0210,4,0x11C6,0x11CA,0x00FE9E,4e56fff2422efff3
63,0x0218,4,0x1AEE,0x1AF2,0x0107C6,4e5600002f074a6d
64,0x0220,4,0x1E0A,0x1E0E,0x010AE2,4e56ffd842673f3c
65,0x0228,4,0x201A,0x201E,0x010CF2,4e56fff44ebaef9c
66,0x0230,4,0x0C6A,0x0C6E,0x00F942,4e56ffee48e71f08
67,0x0238,4,0x016A,0x016E,0x00EE42,4e560000203c0000
68,0x0240,4,0x0386,0x038A,0x00F05E,225f121f301f4a01
69,0x0248,4,0x039A,0x039E,0x00F072,205f301f42974640
70,0x0250,4,0x03B4,0x03B8,0x00F08C,4e56ffce204f216e
71,0x0258,4,0x03F4,0x03F8,0x00F0CC,4e56ffce204f316e
72,0x0260,4,0x040E,0x0412,0x00F0E6,51c1600250c14e56
73,0x0268,4,0x0456,0x045A,0x00F12E,4e56ffce204f316e
74,0x0270,4,0x04A8,0x04AC,0x00F180,225f101f205f6606
75,0x0278,4,0x04BE,0x04C2,0x00F196,225f101f205f6604
76,0x0280,4,0x054C,0x0550,0x00F224,a162226f00042288
77,0x0288,4,0x0570,0x0574,0x00F248,206f0004202f0008
78,0x0290,4,0x059C,0x05A0,0x00F274,4e560000594f2f3c
79,0x0298,4,0x0000,0x0004,0x00ECD8,4a78028e6b22303c
