code_resource,payload_offset,file_offset,slice_end_exclusive,jump_table_entries,status,source,semantic_role,semantic_source
2,0x0498,0x001500,0x00150C,34,provisional-entry,src/functions/unknown/code_2_0498_unknown.asm,,
2,0x04A4,0x00150C,0x0015AC,33,verified-role,src/functions/unknown/code_2_04a4_unknown.asm,exit_to_shell_with_cleanup,src/functions/runtime/code_2_exit_to_shell_with_cleanup.asm
2,0x0544,0x0015AC,0x001D62,32,verified-role,src/functions/unknown/code_2_0544_unknown.asm,reserved_no_op,src/functions/runtime/code_2_reserved_no_op.asm
2,0x0CFA,0x001D62,0x001D88,30,provisional-entry,src/functions/unknown/code_2_0cfa_unknown.asm,,
2,0x0D20,0x001D88,0x0038E4,31,provisional-entry,src/functions/unknown/code_2_0d20_unknown.asm,,
2,0x287C,0x0038E4,0x0039C8,29,verified-role,src/functions/unknown/code_2_287c_unknown.asm,return_minus_one,src/functions/runtime/code_2_return_minus_one.asm
2,0x2960,0x0039C8,0x0039D8,36,verified-role,src/functions/unknown/code_2_2960_unknown.asm,string_copy,src/functions/runtime/code_2_string_copy.asm
2,0x2970,0x0039D8,0x0039EE,37,verified-role,src/functions/unknown/code_2_2970_unknown.asm,string_concatenate,src/functions/runtime/code_2_string_concatenate.asm
2,0x2986,0x0039EE,0x003AE8,38,verified-role,src/functions/unknown/code_2_2986_unknown.asm,string_compare,src/functions/runtime/code_2_string_compare.asm
2,0x2A80,0x003AE8,0x004A22,39,verified-role,src/functions/unknown/code_2_2a80_unknown.asm,string_length,src/functions/runtime/code_2_string_length.asm
2,0x39BA,0x004A22,0x004D6E,35,provisional-entry,src/functions/unknown/code_2_39ba_unknown.asm,,
2,0x3D06,0x004D6E,0x0050A4,24,provisional-entry,src/functions/unknown/code_2_3d06_unknown.asm,,
2,0x403C,0x0050A4,0x00511C,25,verified-role,src/functions/unknown/code_2_403c_unknown.asm,do_aeopen_application,src/functions/platform/code_2_do_aeopen_application.asm
2,0x40B4,0x00511C,0x005176,26,verified-role,src/functions/unknown/code_2_40b4_unknown.asm,do_aeopen_documents,src/functions/platform/code_2_do_aeopen_documents.asm
2,0x410E,0x005176,0x0051F0,27,verified-role,src/functions/unknown/code_2_410e_unknown.asm,do_aeprint_documents,src/functions/platform/code_2_do_aeprint_documents.asm
2,0x4188,0x0051F0,0x00534A,28,verified-role,src/functions/unknown/code_2_4188_unknown.asm,do_aequit_application,src/functions/platform/code_2_do_aequit_application.asm
2,0x42E2,0x00534A,0x00537E,10,verified-role,src/functions/unknown/code_2_42e2_unknown.asm,do_aeanswer,src/functions/platform/code_2_do_aeanswer.asm
2,0x4316,0x00537E,0x0053DA,11,verified-role,src/functions/unknown/code_2_4316_unknown.asm,receive_connect,src/functions/platform/code_2_receive_connect.asm
2,0x4372,0x0053DA,0x00556E,12,verified-role,src/functions/unknown/code_2_4372_unknown.asm,receive_message,src/functions/platform/code_2_receive_message.asm
2,0x4506,0x00556E,0x005E7E,13,verified-role,src/functions/unknown/code_2_4506_unknown.asm,do_set_cursor,src/functions/cursor/code_2_do_set_cursor.asm
2,0x4E16,0x005E7E,0x0060A4,14,provisional-entry,src/functions/unknown/code_2_4e16_unknown.asm,,
2,0x503C,0x0060A4,0x0060BE,15,verified-role,src/functions/unknown/code_2_503c_unknown.asm,run_application_event_loop,src/functions/runtime/code_2_run_application_event_loop.asm
2,0x5056,0x0060BE,0x0061B4,16,provisional-entry,src/functions/unknown/code_2_5056_unknown.asm,,
2,0x514C,0x0061B4,0x00682A,17,verified-role,src/functions/unknown/code_2_514c_unknown.asm,center_window,src/functions/platform/code_2_center_window.asm
2,0x57C2,0x00682A,0x006E6E,18,verified-role,src/functions/unknown/code_2_57c2_unknown.asm,get_main_screen_rect,src/functions/vdx/code_2_get_main_screen_rect.asm
2,0x5E06,0x006E6E,0x007006,19,verified-role,src/functions/unknown/code_2_5e06_unknown.asm,is_app_window,src/functions/platform/code_2_is_app_window.asm
2,0x5F9E,0x007006,0x0071F2,20,verified-role,src/functions/unknown/code_2_5f9e_unknown.asm,outline_dialog_item,src/functions/platform/code_2_outline_dialog_item.asm
2,0x618A,0x0071F2,0x0076E6,21,verified-role,src/functions/unknown/code_2_618a_unknown.asm,max_window,src/functions/platform/code_2_max_window.asm
2,0x667E,0x0076E6,0x007736,22,provisional-entry,src/functions/unknown/code_2_667e_unknown.asm,,
2,0x66CE,0x007736,0x007762,23,verified-role,src/functions/unknown/code_2_66ce_unknown.asm,set_file_port,src/functions/platform/code_2_set_file_port.asm
5,0x0004,0x00776A,0x007C16,52,verified-role,src/functions/unknown/code_5_0004_unknown.asm,do_event,src/functions/platform/code_5_do_event.asm
5,0x04B0,0x007C16,0x007D24,40,verified-role,src/functions/unknown/code_5_04b0_unknown.asm,cell_next_forward_move,src/functions/puzzle/code_5_cell_next_forward_move.asm
5,0x05BE,0x007D24,0x007E58,41,verified-role,src/functions/unknown/code_5_05be_unknown.asm,cell_next_forward_move_with_jump_deduplication,src/functions/puzzle/code_5_cell_next_forward_move_with_jump_deduplication.asm
5,0x06F2,0x007E58,0x00981A,42,verified-role,src/functions/unknown/code_5_06f2_unknown.asm,cell_next_reverse_move,src/functions/puzzle/code_5_cell_next_reverse_move.asm
5,0x20B4,0x00981A,0x009990,43,provisional-entry,src/functions/unknown/code_5_20b4_unknown.asm,,
5,0x222A,0x009990,0x00BBB8,44,provisional-entry,src/functions/unknown/code_5_222a_unknown.asm,,
5,0x4452,0x00BBB8,0x00BCCA,45,verified-role,src/functions/unknown/code_5_4452_unknown.asm,appendi2pstr,src/functions/runtime/code_5_appendi2pstr.asm
5,0x4564,0x00BCCA,0x00BD5C,47,verified-role,src/functions/unknown/code_5_4564_unknown.asm,pstrcpy,src/functions/runtime/code_5_pstrcpy.asm
5,0x45F6,0x00BD5C,0x00E2E8,46,verified-role,src/functions/unknown/code_5_45f6_unknown.asm,key_equiv_filter,src/functions/runtime/code_5_key_equiv_filter.asm
5,0x6B82,0x00E2E8,0x00E37C,51,provisional-entry,src/functions/unknown/code_5_6b82_unknown.asm,,
5,0x6C16,0x00E37C,0x00E37E,50,verified-role,src/functions/unknown/code_5_6c16_unknown.asm,reserved_no_op,src/functions/runtime/code_5_reserved_no_op.asm
5,0x6C18,0x00E37E,0x00E3E4,49,verified-role,src/functions/unknown/code_5_6c18_unknown.asm,clear_screen,src/functions/vdx/code_5_clear_screen.asm
5,0x6C7E,0x00E3E4,0x00ECD0,48,verified-role,src/functions/unknown/code_5_6c7e_unknown.asm,reserved_decoder_no_op,src/functions/runtime/code_5_reserved_decoder_no_op.asm
4,0x0004,0x00ECD8,0x00EE42,79,provisional-entry,src/functions/unknown/code_4_0004_unknown.asm,,
4,0x016E,0x00EE42,0x00F05E,67,provisional-entry,src/functions/unknown/code_4_016e_unknown.asm,,
4,0x038A,0x00F05E,0x00F072,68,verified-role,src/functions/unknown/code_4_038a_unknown.asm,get_trap_address,src/functions/platform/code_4_get_trap_address.asm
4,0x039E,0x00F072,0x00F08C,69,verified-role,src/functions/unknown/code_4_039e_unknown.asm,lookup_unit_table_entry,src/functions/platform/code_4_lookup_unit_table_entry.asm
4,0x03B8,0x00F08C,0x00F0CC,70,verified-role,src/functions/unknown/code_4_03b8_unknown.asm,open_file_with_hfs_fallback,src/functions/resource_io/code_4_open_file_with_hfs_fallback.asm
4,0x03F8,0x00F0CC,0x00F0E6,71,verified-role,src/functions/unknown/code_4_03f8_unknown.asm,close_file_parameter_block,src/functions/resource_io/code_4_close_file_parameter_block.asm
4,0x0412,0x00F0E6,0x00F12E,72,verified-role,src/functions/unknown/code_4_0412_unknown.asm,read_file_parameter_block,src/functions/resource_io/code_4_read_file_parameter_block.asm
4,0x045A,0x00F12E,0x00F180,73,verified-role,src/functions/unknown/code_4_045a_unknown.asm,set_file_position,src/functions/resource_io/code_4_set_file_position.asm
4,0x04AC,0x00F180,0x00F196,74,verified-role,src/functions/unknown/code_4_04ac_unknown.asm,get_working_directory_info,src/functions/resource_io/code_4_get_working_directory_info.asm
4,0x04C2,0x00F196,0x00F224,75,verified-role,src/functions/unknown/code_4_04c2_unknown.asm,get_volume_info_parameter_block,src/functions/resource_io/code_4_get_volume_info_parameter_block.asm
4,0x0550,0x00F224,0x00F248,76,provisional-entry,src/functions/unknown/code_4_0550_unknown.asm,,
4,0x0574,0x00F248,0x00F274,77,provisional-entry,src/functions/unknown/code_4_0574_unknown.asm,,
4,0x05A0,0x00F274,0x00F2BA,78,verified-role,src/functions/unknown/code_4_05a0_unknown.asm,get_indexed_string_resource,src/functions/resource_io/code_4_get_indexed_string_resource.asm
4,0x05E6,0x00F2BA,0x00F418,53,provisional-entry,src/functions/unknown/code_4_05e6_unknown.asm,,
4,0x0744,0x00F418,0x00F472,54,verified-role,src/functions/unknown/code_4_0744_unknown.asm,hopen,src/functions/runtime/code_4_hopen.asm
4,0x079E,0x00F472,0x00F4F8,55,verified-role,src/functions/unknown/code_4_079e_unknown.asm,hcreate,src/functions/runtime/code_4_hcreate.asm
4,0x0824,0x00F4F8,0x00F5B8,56,verified-role,src/functions/unknown/code_4_0824_unknown.asm,hdelete,src/functions/runtime/code_4_hdelete.asm
4,0x08E4,0x00F5B8,0x00F942,57,verified-role,src/functions/unknown/code_4_08e4_unknown.asm,getwdinfo,src/functions/runtime/code_4_getwdinfo.asm
4,0x0C6E,0x00F942,0x00FE9E,66,provisional-entry,src/functions/unknown/code_4_0c6e_unknown.asm,,
4,0x11CA,0x00FE9E,0x0107C6,62,provisional-entry,src/functions/unknown/code_4_11ca_unknown.asm,,
4,0x1AF2,0x0107C6,0x010AE2,63,provisional-entry,src/functions/unknown/code_4_1af2_unknown.asm,,
4,0x1E0E,0x010AE2,0x010CF2,64,provisional-entry,src/functions/unknown/code_4_1e0e_unknown.asm,,
4,0x201E,0x010CF2,0x011574,65,provisional-entry,src/functions/unknown/code_4_201e_unknown.asm,,
4,0x28A0,0x011574,0x0115A2,59,provisional-entry,src/functions/unknown/code_4_28a0_unknown.asm,,
4,0x28CE,0x0115A2,0x011712,61,provisional-entry,src/functions/unknown/code_4_28ce_unknown.asm,,
4,0x2A3E,0x011712,0x012AE6,60,provisional-entry,src/functions/unknown/code_4_2a3e_unknown.asm,,
4,0x3E12,0x012AE6,0x012C6A,58,provisional-entry,src/functions/unknown/code_4_3e12_unknown.asm,,
1,0x000C,0x012C7A,0x012D18,0,verified-role,src/functions/unknown/code_1_000c_unknown.asm,start_application,src/functions/runtime/code_1_start_application.asm
1,0x00AA,0x012D18,0x012D2C,1,verified-role,src/functions/unknown/code_1_00aa_unknown.asm,dispatch_word_switch,src/functions/runtime/code_1_dispatch_word_switch.asm
1,0x00BE,0x012D2C,0x012D40,2,verified-role,src/functions/unknown/code_1_00be_unknown.asm,dispatch_long_switch,src/functions/runtime/code_1_dispatch_long_switch.asm
1,0x00D2,0x012D40,0x012D5C,3,verified-role,src/functions/unknown/code_1_00d2_unknown.asm,dispatch_indexed_switch,src/functions/runtime/code_1_dispatch_indexed_switch.asm
1,0x00EE,0x012D5C,0x012D92,4,verified-role,src/functions/unknown/code_1_00ee_unknown.asm,multiply_long,src/functions/runtime/code_1_multiply_long.asm
1,0x0124,0x012D92,0x012DB2,5,verified-role,src/functions/unknown/code_1_0124_unknown.asm,divide_unsigned_long,src/functions/runtime/code_1_divide_unsigned_long.asm
1,0x0144,0x012DB2,0x012DD4,6,verified-role,src/functions/unknown/code_1_0144_unknown.asm,remainder_unsigned_long,src/functions/runtime/code_1_remainder_unsigned_long.asm
1,0x0166,0x012DD4,0x012DF4,7,verified-role,src/functions/unknown/code_1_0166_unknown.asm,divide_signed_long,src/functions/runtime/code_1_divide_signed_long.asm
1,0x0186,0x012DF4,0x012EAE,8,verified-role,src/functions/unknown/code_1_0186_unknown.asm,remainder_signed_long,src/functions/runtime/code_1_remainder_signed_long.asm
1,0x0240,0x012EAE,0x012EB0,9,verified-role,src/functions/unknown/code_1_0240_unknown.asm,reserved_no_op,src/functions/runtime/code_1_reserved_no_op.asm
