name,resource_id,bytes,entries,comparison_to_supplied_DOS
at.rl,32302,760,38,identical
b.rl,32303,2800,140,identical
ch.rl,32304,1620,81,identical
d.rl,32305,7100,355,identical
dr.rl,32306,2140,107,identical
fh.rl,32307,3960,198,identical
ga.rl,32308,2860,143,identical
hdisk.rl,32309,200,10,different
htbd.rl,32310,3960,198,identical
intro.rl,32311,1960,98,identical
jhek.rl,32312,4760,238,identical
k.rl,32313,16360,818,identical
la.rl,32314,2500,125,identical
li.rl,32315,2000,100,identical
mb.rl,32316,1280,64,identical
mc.rl,32317,2240,112,identical
mu.rl,32318,860,43,identical
n.rl,32319,10920,546,identical
p.rl,32320,880,44,identical
xmi.rl,32321,1420,71,identical
gamwav.rl,32322,3700,185,identical
