code_resource,payload_offset,file_offset,end_exclusive,status,semantic_role,original_symbol,debug_file_offset,source,contract
1,0xc,0x12c7a,0x12cb6,verified-role,start_application,,,src/functions/runtime/code_1_start_application.asm,"Initialize the native runtime, dispatch application startup, and exit through trap A9F4."
1,0xaa,0x12d18,0x12d2c,verified-role,dispatch_word_switch,,,src/functions/runtime/code_1_dispatch_word_switch.asm,Select a case from a 16-bit value table using D0 and jump through its displacement.
1,0xbe,0x12d2c,0x12d40,verified-role,dispatch_long_switch,,,src/functions/runtime/code_1_dispatch_long_switch.asm,Select a case from a 32-bit value table using D0 and jump through its displacement.
1,0xd2,0x12d40,0x12d5c,verified-role,dispatch_indexed_switch,,,src/functions/runtime/code_1_dispatch_indexed_switch.asm,Range-check D0 and dispatch through a word-displacement table.
1,0xee,0x12d5c,0x12d92,verified-role,multiply_long,,,src/functions/runtime/code_1_multiply_long.asm,Multiply two 32-bit stack operands from 16-bit partial products and return the low 32 bits.
1,0x124,0x12d92,0x12db2,verified-role,divide_unsigned_long,,,src/functions/runtime/code_1_divide_unsigned_long.asm,Call the unsigned long division core and return its quotient.
1,0x144,0x12db2,0x12dd4,verified-role,remainder_unsigned_long,,,src/functions/runtime/code_1_remainder_unsigned_long.asm,Call the unsigned long division core and return its remainder.
1,0x166,0x12dd4,0x12df4,verified-role,divide_signed_long,,,src/functions/runtime/code_1_divide_signed_long.asm,Call the sign-adjusting division core and return its quotient.
1,0x186,0x12df4,0x12e16,verified-role,remainder_signed_long,,,src/functions/runtime/code_1_remainder_signed_long.asm,Call the sign-adjusting division core and return its remainder.
1,0x240,0x12eae,0x12eb0,verified-role,reserved_no_op,,,src/functions/runtime/code_1_reserved_no_op.asm,Reserved jump-table entry returns immediately.
2,0x4a4,0x150c,0x1518,verified-role,exit_to_shell_with_cleanup,,,src/functions/runtime/code_2_exit_to_shell_with_cleanup.asm,Call the runtime cleanup helper with zero and invoke the ExitToShell trap A9F4.
2,0x544,0x15ac,0x15ae,verified-role,reserved_no_op,,,src/functions/runtime/code_2_reserved_no_op.asm,Reserved jump-table entry returns immediately.
2,0x287c,0x38e4,0x38ee,verified-role,return_minus_one,,,src/functions/runtime/code_2_return_minus_one.asm,Return the constant negative-one result.
2,0x2960,0x39c8,0x39d8,verified-role,string_copy,,,src/functions/runtime/code_2_string_copy.asm,Copy bytes including NUL and return the original destination pointer.
2,0x2970,0x39d8,0x39ee,verified-role,string_concatenate,,,src/functions/runtime/code_2_string_concatenate.asm,"Find the destination NUL, append the source including NUL, and return the original destination."
2,0x2986,0x39ee,0x3a0c,verified-role,string_compare,,,src/functions/runtime/code_2_string_compare.asm,"Compare byte strings and return a negative, zero, or positive ordering result."
2,0x2a80,0x3ae8,0x3af6,verified-role,string_length,,,src/functions/runtime/code_2_string_length.asm,Scan to the byte-string NUL terminator and return the number of preceding bytes.
2,0x3d06,0x4d6e,0x4d82,recovered-symbol-candidate,do_high_level_event,DoHighLevelEvent,0x4d82,src/functions/platform/code_2_do_high_level_event.asm,Native DoHighLevelEvent routine; the compiler debug trailer supplies its original symbol. Full argument types remain under study.
2,0x3d2e,0x4d96,0x4e54,verified-role,get_target_info,GetTargetInfo,0x4e54,src/functions/platform/code_2_get_target_info.asm,Native GetTargetInfo routine; the compiler debug trailer supplies its original symbol. Full argument types remain under study.
2,0x3dfc,0x4e64,0x4f02,verified-role,init_apple_events,InitAppleEvents,0x4f02,src/functions/platform/code_2_init_apple_events.asm,Native InitAppleEvents routine; the compiler debug trailer supplies its original symbol. Full argument types remain under study.
2,0x3eac,0x4f14,0x502e,verified-role,make_target,MakeTarget,0x502e,src/functions/platform/code_2_make_target.asm,Native MakeTarget routine; the compiler debug trailer supplies its original symbol. Full argument types remain under study.
2,0x3fd4,0x503c,0x508e,verified-role,missed_any_parameters,MissedAnyParameters,0x508e,src/functions/platform/code_2_missed_any_parameters.asm,Native MissedAnyParameters routine; the compiler debug trailer supplies its original symbol. Full argument types remain under study.
2,0x403c,0x50a4,0x5106,verified-role,do_aeopen_application,DoAEOpenApplication,0x5106,src/functions/platform/code_2_do_aeopen_application.asm,Native DoAEOpenApplication routine; the compiler debug trailer supplies its original symbol. Full argument types remain under study.
2,0x40b4,0x511c,0x5162,verified-role,do_aeopen_documents,DoAEOpenDocuments,0x5162,src/functions/platform/code_2_do_aeopen_documents.asm,Native DoAEOpenDocuments routine; the compiler debug trailer supplies its original symbol. Full argument types remain under study.
2,0x410e,0x5176,0x51da,verified-role,do_aeprint_documents,DoAEPrintDocuments,0x51da,src/functions/platform/code_2_do_aeprint_documents.asm,Native DoAEPrintDocuments routine; the compiler debug trailer supplies its original symbol. Full argument types remain under study.
2,0x4188,0x51f0,0x522c,verified-role,do_aequit_application,DoAEQuitApplication,0x522c,src/functions/platform/code_2_do_aequit_application.asm,Native DoAEQuitApplication routine; the compiler debug trailer supplies its original symbol. Full argument types remain under study.
2,0x41da,0x5242,0x5332,verified-role,open_doc_event_handler,OpenDocEventHandler,0x5332,src/functions/platform/code_2_open_doc_event_handler.asm,Native OpenDocEventHandler routine; the compiler debug trailer supplies its original symbol. Full argument types remain under study.
2,0x42e2,0x534a,0x5358,verified-role,do_aeanswer,DoAEAnswer,0x5358,src/functions/platform/code_2_do_aeanswer.asm,Native DoAEAnswer routine; the compiler debug trailer supplies its original symbol. Full argument types remain under study.
2,0x42fe,0x5366,0x5370,verified-role,send_connect,SendConnect,0x5370,src/functions/platform/code_2_send_connect.asm,Native SendConnect routine; the compiler debug trailer supplies its original symbol. Full argument types remain under study.
2,0x4316,0x537e,0x538c,verified-role,receive_connect,ReceiveConnect,0x538c,src/functions/platform/code_2_receive_connect.asm,Native ReceiveConnect routine; the compiler debug trailer supplies its original symbol. Full argument types remain under study.
2,0x4336,0x539e,0x53ac,verified-role,receive_connect_reply,ReceiveConnectReply,0x53ac,src/functions/platform/code_2_receive_connect_reply.asm,Native ReceiveConnectReply routine; the compiler debug trailer supplies its original symbol. Full argument types remain under study.
2,0x435a,0x53c2,0x53cc,verified-role,send_message,SendMessage,0x53cc,src/functions/platform/code_2_send_message.asm,Native SendMessage routine; the compiler debug trailer supplies its original symbol. Full argument types remain under study.
2,0x4372,0x53da,0x53e8,verified-role,receive_message,ReceiveMessage,0x53e8,src/functions/platform/code_2_receive_message.asm,Native ReceiveMessage routine; the compiler debug trailer supplies its original symbol. Full argument types remain under study.
2,0x4392,0x53fa,0x5402,verified-role,get_aewindow,GetAEWindow,0x5402,src/functions/platform/code_2_get_aewindow.asm,Native GetAEWindow routine; the compiler debug trailer supplies its original symbol. Full argument types remain under study.
2,0x43a8,0x5410,0x541e,verified-role,my_idle_proc,MyIdleProc,0x541e,src/functions/platform/code_2_my_idle_proc.asm,Native MyIdleProc routine; the compiler debug trailer supplies its original symbol. Full argument types remain under study.
2,0x43c4,0x542c,0x543a,verified-role,aeport_filter,AEPortFilter,0x543a,src/functions/platform/code_2_aeport_filter.asm,Native AEPortFilter routine; the compiler debug trailer supplies its original symbol. Full argument types remain under study.
2,0x43e2,0x544a,0x5562,verified-role,do_cursor,DoCursor,0x5562,src/functions/cursor/code_2_do_cursor.asm,Native DoCursor routine; the compiler debug trailer supplies its original symbol. Full argument types remain under study.
2,0x4506,0x556e,0x5596,verified-role,do_set_cursor,DoSetCursor,0x5596,src/functions/cursor/code_2_do_set_cursor.asm,Native DoSetCursor routine; the compiler debug trailer supplies its original symbol. Full argument types remain under study.
2,0x453c,0x55a4,0x55dc,verified-role,event_loop,EventLoop,0x55dc,src/functions/platform/code_2_event_loop.asm,Native EventLoop routine; the compiler debug trailer supplies its original symbol. Full argument types remain under study.
2,0x4580,0x55e8,0x5626,verified-role,app_dispose_document,AppDisposeDocument,0x5626,src/functions/platform/code_2_app_dispose_document.asm,Native AppDisposeDocument routine; the compiler debug trailer supplies its original symbol. Full argument types remain under study.
2,0x45d4,0x563c,0x564c,verified-role,app_document_dirty,AppDocumentDirty,0x564c,src/functions/platform/code_2_app_document_dirty.asm,Native AppDocumentDirty routine; the compiler debug trailer supplies its original symbol. Full argument types remain under study.
2,0x45f8,0x5660,0x56dc,verified-role,app_new_document,AppNewDocument,0x56dc,src/functions/platform/code_2_app_new_document.asm,Native AppNewDocument routine; the compiler debug trailer supplies its original symbol. Full argument types remain under study.
2,0x4686,0x56ee,0x5888,verified-role,app_open_document,AppOpenDocument,0x5888,src/functions/platform/code_2_app_open_document.asm,Native AppOpenDocument routine; the compiler debug trailer supplies its original symbol. Full argument types remain under study.
2,0x4832,0x589a,0x59e4,verified-role,app_save_document,AppSaveDocument,0x59e4,src/functions/platform/code_2_app_save_document.asm,Native AppSaveDocument routine; the compiler debug trailer supplies its original symbol. Full argument types remain under study.
2,0x498e,0x59f6,0x5a62,verified-role,convert_old_to_new_sfreply,ConvertOldToNewSFReply,0x5a62,src/functions/platform/code_2_convert_old_to_new_sfreply.asm,Native ConvertOldToNewSFReply routine; the compiler debug trailer supplies its original symbol. Full argument types remain under study.
2,0x4a14,0x5a7c,0x5b18,verified-role,create_open_file,Create_OpenFile,0x5b18,src/functions/platform/code_2_create_open_file.asm,Native Create_OpenFile routine; the compiler debug trailer supplies its original symbol. Full argument types remain under study.
2,0x4ac2,0x5b2a,0x5b94,verified-role,display_get_file,DisplayGetFile,0x5b94,src/functions/platform/code_2_display_get_file.asm,Native DisplayGetFile routine; the compiler debug trailer supplies its original symbol. Full argument types remain under study.
2,0x4b3e,0x5ba6,0x5c0e,verified-role,display_put_file,DisplayPutFile,0x5c0e,src/functions/platform/code_2_display_put_file.asm,Native DisplayPutFile routine; the compiler debug trailer supplies its original symbol. Full argument types remain under study.
2,0x4bb8,0x5c20,0x5c2e,verified-role,inc_new_file_num,IncNewFileNum,0x5c2e,src/functions/platform/code_2_inc_new_file_num.asm,Native IncNewFileNum routine; the compiler debug trailer supplies its original symbol. Full argument types remain under study.
2,0x4bd6,0x5c3e,0x5c46,verified-role,app_free_document,AppFreeDocument,0x5c46,src/functions/platform/code_2_app_free_document.asm,Native AppFreeDocument routine; the compiler debug trailer supplies its original symbol. Full argument types remain under study.
2,0x4bf0,0x5c58,0x5c6e,verified-role,app_init_document,AppInitDocument,0x5c6e,src/functions/platform/code_2_app_init_document.asm,Native AppInitDocument routine; the compiler debug trailer supplies its original symbol. Full argument types remain under study.
2,0x4c18,0x5c80,0x5c8c,verified-role,app_read_document,AppReadDocument,0x5c8c,src/functions/platform/code_2_app_read_document.asm,Native AppReadDocument routine; the compiler debug trailer supplies its original symbol. Full argument types remain under study.
2,0x4c36,0x5c9e,0x5caa,verified-role,app_write_document,AppWriteDocument,0x5caa,src/functions/platform/code_2_app_write_document.asm,Native AppWriteDocument routine; the compiler debug trailer supplies its original symbol. Full argument types remain under study.
2,0x4c56,0x5cbe,0x5cca,verified-role,app_duplicate_document,AppDuplicateDocument,0x5cca,src/functions/platform/code_2_app_duplicate_document.asm,Native AppDuplicateDocument routine; the compiler debug trailer supplies its original symbol. Full argument types remain under study.
2,0x4c7a,0x5ce2,0x5dcc,verified-role,dynamic_balloon_help,DynamicBalloonHelp,0x5dcc,src/functions/platform/code_2_dynamic_balloon_help.asm,Native DynamicBalloonHelp routine; the compiler debug trailer supplies its original symbol. Full argument types remain under study.
2,0x4d80,0x5de8,0x5e4e,verified-role,my_idle_proc_boo,MyIdleProcBoo,0x5e4e,src/functions/platform/code_2_my_idle_proc_boo.asm,Native MyIdleProcBoo routine; the compiler debug trailer supplies its original symbol. Full argument types remain under study.
2,0x4e64,0x5ecc,0x5f68,recovered-symbol-candidate,initialize,Initialize,0x5f68,src/functions/platform/code_2_initialize.asm,Native Initialize routine; the compiler debug trailer supplies its original symbol. Full argument types remain under study.
2,0x4f10,0x5f78,0x5f9c,verified-role,enable_or_disable_item,EnableOrDisableItem,0x5f9c,src/functions/platform/code_2_enable_or_disable_item.asm,Native EnableOrDisableItem routine; the compiler debug trailer supplies its original symbol. Full argument types remain under study.
2,0x4f4a,0x5fb2,0x6094,verified-role,do_menu_command,DoMenuCommand,0x6094,src/functions/platform/code_2_do_menu_command.asm,Native DoMenuCommand routine; the compiler debug trailer supplies its original symbol. Full argument types remain under study.
2,0x503c,0x60a4,0x60be,verified-role,run_application_event_loop,,,src/functions/runtime/code_2_run_application_event_loop.asm,"Perform startup callbacks, run EventLoop when its startup predicate succeeds, and invoke ExitToShell."
2,0x5056,0x60be,0x6164,recovered-symbol-candidate,centered_alert,CenteredAlert,0x6164,src/functions/platform/code_2_centered_alert.asm,Native CenteredAlert routine; the compiler debug trailer supplies its original symbol. Full argument types remain under study.
2,0x510c,0x6174,0x61a0,verified-role,center_rect_in_rect,CenterRectInRect,0x61a0,src/functions/platform/code_2_center_rect_in_rect.asm,Native CenterRectInRect routine; the compiler debug trailer supplies its original symbol. Full argument types remain under study.
2,0x514c,0x61b4,0x627c,verified-role,center_window,CenterWindow,0x627c,src/functions/platform/code_2_center_window.asm,Native CenterWindow routine; the compiler debug trailer supplies its original symbol. Full argument types remain under study.
2,0x5224,0x628c,0x62ce,verified-role,close_any_window,CloseAnyWindow,0x62ce,src/functions/platform/code_2_close_any_window.asm,Native CloseAnyWindow routine; the compiler debug trailer supplies its original symbol. Full argument types remain under study.
2,0x5278,0x62e0,0x6322,verified-role,dispose_any_window,DisposeAnyWindow,0x6322,src/functions/platform/code_2_dispose_any_window.asm,Native DisposeAnyWindow routine; the compiler debug trailer supplies its original symbol. Full argument types remain under study.
2,0x52ce,0x6336,0x634c,verified-role,death_alert,DeathAlert,0x634c,src/functions/platform/code_2_death_alert.asm,Native DeathAlert routine; the compiler debug trailer supplies its original symbol. Full argument types remain under study.
2,0x52f2,0x635a,0x6374,verified-role,death_alert_message,DeathAlertMessage,0x6374,src/functions/platform/code_2_death_alert_message.asm,Native DeathAlertMessage routine; the compiler debug trailer supplies its original symbol. Full argument types remain under study.
2,0x5320,0x6388,0x639e,verified-role,error_alert,ErrorAlert,0x639e,src/functions/platform/code_2_error_alert.asm,Native ErrorAlert routine; the compiler debug trailer supplies its original symbol. Full argument types remain under study.
2,0x5344,0x63ac,0x6424,verified-role,error_alert_message,ErrorAlertMessage,0x6424,src/functions/platform/code_2_error_alert_message.asm,Native ErrorAlertMessage routine; the compiler debug trailer supplies its original symbol. Full argument types remain under study.
2,0x53d0,0x6438,0x64d8,verified-role,find_sys_folder,FindSysFolder,0x64d8,src/functions/platform/code_2_find_sys_folder.asm,Native FindSysFolder routine; the compiler debug trailer supplies its original symbol. Full argument types remain under study.
2,0x5480,0x64e8,0x6518,verified-role,get_app_ind_resource,GetAppIndResource,0x6518,src/functions/platform/code_2_get_app_ind_resource.asm,Native GetAppIndResource routine; the compiler debug trailer supplies its original symbol. Full argument types remain under study.
2,0x54c4,0x652c,0x6566,verified-role,get_app_named_resource,GetAppNamedResource,0x6566,src/functions/platform/code_2_get_app_named_resource.asm,Native GetAppNamedResource routine; the compiler debug trailer supplies its original symbol. Full argument types remain under study.
2,0x5514,0x657c,0x65b6,verified-role,get_app_resource,GetAppResource,0x65b6,src/functions/platform/code_2_get_app_resource.asm,Native GetAppResource routine; the compiler debug trailer supplies its original symbol. Full argument types remain under study.
2,0x5560,0x65c8,0x6616,verified-role,get_auxversion,GetAUXVersion,0x6616,src/functions/platform/code_2_get_auxversion.asm,Native GetAUXVersion routine; the compiler debug trailer supplies its original symbol. Full argument types remain under study.
2,0x55be,0x6626,0x66a4,verified-role,get_centered_dialog,GetCenteredDialog,0x66a4,src/functions/platform/code_2_get_centered_dialog.asm,Native GetCenteredDialog routine; the compiler debug trailer supplies its original symbol. Full argument types remain under study.
2,0x5650,0x66b8,0x66dc,verified-role,get_centered_window,GetCenteredWindow,0x66dc,src/functions/platform/code_2_get_centered_window.asm,Native GetCenteredWindow routine; the compiler debug trailer supplies its original symbol. Full argument types remain under study.
2,0x5688,0x66f0,0x671c,verified-role,get_check_or_radio,GetCheckOrRadio,0x671c,src/functions/platform/code_2_get_check_or_radio.asm,Native GetCheckOrRadio routine; the compiler debug trailer supplies its original symbol. Full argument types remain under study.
2,0x56c6,0x672e,0x6750,verified-role,get_gestalt_result,GetGestaltResult,0x6750,src/functions/platform/code_2_get_gestalt_result.asm,Native GetGestaltResult routine; the compiler debug trailer supplies its original symbol. Full argument types remain under study.
2,0x56fc,0x6764,0x677e,verified-role,get_global_mouse,GetGlobalMouse,0x677e,src/functions/platform/code_2_get_global_mouse.asm,Native GetGlobalMouse routine; the compiler debug trailer supplies its original symbol. Full argument types remain under study.
2,0x5728,0x6790,0x67c2,verified-role,get_global_top_left,GetGlobalTopLeft,0x67c2,src/functions/platform/code_2_get_global_top_left.asm,Native GetGlobalTopLeft routine; the compiler debug trailer supplies its original symbol. Full argument types remain under study.
2,0x576e,0x67d6,0x681a,verified-role,get_kfree_space,GetKFreeSpace,0x681a,src/functions/platform/code_2_get_kfree_space.asm,Native GetKFreeSpace routine; the compiler debug trailer supplies its original symbol. Full argument types remain under study.
2,0x57c2,0x682a,0x686c,verified-role,get_main_screen_rect,GetMainScreenRect,0x686c,src/functions/vdx/code_2_get_main_screen_rect.asm,Native GetMainScreenRect routine; the compiler debug trailer supplies its original symbol. Full argument types remain under study.
2,0x5818,0x6880,0x68fc,verified-role,get_rect_device,GetRectDevice,0x68fc,src/functions/platform/code_2_get_rect_device.asm,Native GetRectDevice routine; the compiler debug trailer supplies its original symbol. Full argument types remain under study.
2,0x58a4,0x690c,0x6950,verified-role,get_rect_device_rect,GetRectDeviceRect,0x6950,src/functions/platform/code_2_get_rect_device_rect.asm,Native GetRectDeviceRect routine; the compiler debug trailer supplies its original symbol. Full argument types remain under study.
2,0x58fc,0x6964,0x6a64,verified-role,get_some_kind_of_window,GetSomeKindOfWindow,0x6a64,src/functions/platform/code_2_get_some_kind_of_window.asm,Native GetSomeKindOfWindow routine; the compiler debug trailer supplies its original symbol. Full argument types remain under study.
2,0x5a12,0x6a7a,0x6a9e,verified-role,get_max_window,GetMaxWindow,0x6a9e,src/functions/platform/code_2_get_max_window.asm,Native GetMaxWindow routine; the compiler debug trailer supplies its original symbol. Full argument types remain under study.
2,0x5a46,0x6aae,0x6ac4,verified-role,get_trap_type,GetTrapType,0x6ac4,src/functions/platform/code_2_get_trap_type.asm,Native GetTrapType routine; the compiler debug trailer supplies its original symbol. Full argument types remain under study.
2,0x5a6a,0x6ad2,0x6b12,verified-role,get_window_content_rect,GetWindowContentRect,0x6b12,src/functions/platform/code_2_get_window_content_rect.asm,Native GetWindowContentRect routine; the compiler debug trailer supplies its original symbol. Full argument types remain under study.
2,0x5ac2,0x6b2a,0x6b66,verified-role,get_window_count,GetWindowCount,0x6b66,src/functions/platform/code_2_get_window_count.asm,Native GetWindowCount routine; the compiler debug trailer supplies its original symbol. Full argument types remain under study.
2,0x5b10,0x6b78,0x6b98,verified-role,get_window_device,GetWindowDevice,0x6b98,src/functions/platform/code_2_get_window_device.asm,Native GetWindowDevice routine; the compiler debug trailer supplies its original symbol. Full argument types remain under study.
2,0x5b42,0x6baa,0x6bea,verified-role,get_window_device_rect,GetWindowDeviceRect,0x6bea,src/functions/platform/code_2_get_window_device_rect.asm,Native GetWindowDeviceRect routine; the compiler debug trailer supplies its original symbol. Full argument types remain under study.
2,0x5b98,0x6c00,0x6c5c,verified-role,get_window_device_rect_nmb,GetWindowDeviceRectNMB,0x6c5c,src/functions/platform/code_2_get_window_device_rect_nmb.asm,Native GetWindowDeviceRectNMB routine; the compiler debug trailer supplies its original symbol. Full argument types remain under study.
2,0x5c0e,0x6c76,0x6d1a,verified-role,get_window_structure_rect,GetWindowStructureRect,0x6d1a,src/functions/platform/code_2_get_window_structure_rect.asm,Native GetWindowStructureRect routine; the compiler debug trailer supplies its original symbol. Full argument types remain under study.
2,0x5ccc,0x6d34,0x6d4c,verified-role,global_to_local_rect,GlobalToLocalRect,0x6d4c,src/functions/platform/code_2_global_to_local_rect.asm,Native GlobalToLocalRect routine; the compiler debug trailer supplies its original symbol. Full argument types remain under study.
2,0x5d0e,0x6d76,0x6e5e,recovered-symbol-candidate,init_utilities,InitUtilities,0x6e5e,src/functions/platform/code_2_init_utilities.asm,Native InitUtilities routine; the compiler debug trailer supplies its original symbol. Full argument types remain under study.
2,0x5e06,0x6e6e,0x6e8e,verified-role,is_app_window,IsAppWindow,0x6e8e,src/functions/platform/code_2_is_app_window.asm,Native IsAppWindow routine; the compiler debug trailer supplies its original symbol. Full argument types remain under study.
2,0x5e34,0x6e9c,0x6eba,verified-role,is_dawindow,IsDAWindow,0x6eba,src/functions/platform/code_2_is_dawindow.asm,Native IsDAWindow routine; the compiler debug trailer supplies its original symbol. Full argument types remain under study.
2,0x5e60,0x6ec8,0x6ee0,verified-role,local_to_global_rect,LocalToGlobalRect,0x6ee0,src/functions/platform/code_2_local_to_global_rect.asm,Native LocalToGlobalRect routine; the compiler debug trailer supplies its original symbol. Full argument types remain under study.
2,0x5e8c,0x6ef4,0x6f16,verified-role,lock_handle_high,LockHandleHigh,0x6f16,src/functions/platform/code_2_lock_handle_high.asm,Native LockHandleHigh routine; the compiler debug trailer supplies its original symbol. Full argument types remain under study.
2,0x5ec0,0x6f28,0x6f5e,verified-role,num_toolbox_traps,NumToolboxTraps,0x6f5e,src/functions/platform/code_2_num_toolbox_traps.asm,Native NumToolboxTraps routine; the compiler debug trailer supplies its original symbol. Full argument types remain under study.
2,0x5f08,0x6f70,0x6ff4,verified-role,outline_control,OutlineControl,0x6ff4,src/functions/platform/code_2_outline_control.asm,Native OutlineControl routine; the compiler debug trailer supplies its original symbol. Full argument types remain under study.
2,0x5f9e,0x7006,0x702c,verified-role,outline_dialog_item,OutlineDialogItem,0x702c,src/functions/platform/code_2_outline_dialog_item.asm,Native OutlineDialogItem routine; the compiler debug trailer supplies its original symbol. Full argument types remain under study.
2,0x5fd8,0x7040,0x70c4,verified-role,position_rect_in_rect,PositionRectInRect,0x70c4,src/functions/platform/code_2_position_rect_in_rect.asm,Native PositionRectInRect routine; the compiler debug trailer supplies its original symbol. Full argument types remain under study.
2,0x6072,0x70da,0x712e,verified-role,pstr_concat,PStrConcat,0x712e,src/functions/platform/code_2_pstr_concat.asm,Native PStrConcat routine; the compiler debug trailer supplies its original symbol. Full argument types remain under study.
2,0x60d4,0x713c,0x7162,verified-role,pull_application_to_front,PullApplicationToFront,0x7162,src/functions/platform/code_2_pull_application_to_front.asm,Native PullApplicationToFront routine; the compiler debug trailer supplies its original symbol. Full argument types remain under study.
2,0x6114,0x717c,0x71a2,verified-role,select_button,SelectButton,0x71a2,src/functions/platform/code_2_select_button.asm,Native SelectButton routine; the compiler debug trailer supplies its original symbol. Full argument types remain under study.
2,0x614a,0x71b2,0x71da,verified-role,set_check_or_radio_button,SetCheckOrRadioButton,0x71da,src/functions/platform/code_2_set_check_or_radio_button.asm,Native SetCheckOrRadioButton routine; the compiler debug trailer supplies its original symbol. Full argument types remain under study.
2,0x618a,0x71f2,0x7210,verified-role,max_window,MaxWindow,0x7210,src/functions/platform/code_2_max_window.asm,Native MaxWindow routine; the compiler debug trailer supplies its original symbol. Full argument types remain under study.
2,0x61b4,0x721c,0x7300,verified-role,standard_about,StandardAbout,0x7300,src/functions/platform/code_2_standard_about.asm,Native StandardAbout routine; the compiler debug trailer supplies its original symbol. Full argument types remain under study.
2,0x62a8,0x7310,0x7334,verified-role,standard_initialization,StandardInitialization,0x7334,src/functions/platform/code_2_standard_initialization.asm,Native StandardInitialization routine; the compiler debug trailer supplies its original symbol. Full argument types remain under study.
2,0x62e6,0x734e,0x7390,verified-role,standard_menu_setup,StandardMenuSetup,0x7390,src/functions/platform/code_2_standard_menu_setup.asm,Native StandardMenuSetup routine; the compiler debug trailer supplies its original symbol. Full argument types remain under study.
2,0x633c,0x73a4,0x73da,verified-role,toggle_check,ToggleCheck,0x73da,src/functions/platform/code_2_toggle_check.asm,Native ToggleCheck routine; the compiler debug trailer supplies its original symbol. Full argument types remain under study.
2,0x6380,0x73e8,0x7440,verified-role,trap_exists,TrapExists,0x7440,src/functions/platform/code_2_trap_exists.asm,Native TrapExists routine; the compiler debug trailer supplies its original symbol. Full argument types remain under study.
2,0x63e6,0x744e,0x75b4,verified-role,zoom_to_window_device,ZoomToWindowDevice,0x75b4,src/functions/platform/code_2_zoom_to_window_device.asm,Native ZoomToWindowDevice routine; the compiler debug trailer supplies its original symbol. Full argument types remain under study.
2,0x6562,0x75ca,0x7656,verified-role,app_new_window,AppNewWindow,0x7656,src/functions/platform/code_2_app_new_window.asm,Native AppNewWindow routine; the compiler debug trailer supplies its original symbol. Full argument types remain under study.
2,0x65fe,0x7666,0x769a,verified-role,app_new_window_title,AppNewWindowTitle,0x769a,src/functions/platform/code_2_app_new_window_title.asm,Native AppNewWindowTitle routine; the compiler debug trailer supplies its original symbol. Full argument types remain under study.
2,0x6646,0x76ae,0x76d4,verified-role,app_window_dirty,AppWindowDirty,0x76d4,src/functions/platform/code_2_app_window_dirty.asm,Native AppWindowDirty routine; the compiler debug trailer supplies its original symbol. Full argument types remain under study.
2,0x66a8,0x7710,0x7722,recovered-symbol-candidate,dispose_one_window,DisposeOneWindow,0x7722,src/functions/platform/code_2_dispose_one_window.asm,Native DisposeOneWindow routine; the compiler debug trailer supplies its original symbol. Full argument types remain under study.
2,0x66ce,0x7736,0x7754,verified-role,set_file_port,SetFilePort,0x7754,src/functions/platform/code_2_set_file_port.asm,Native SetFilePort routine; the compiler debug trailer supplies its original symbol. Full argument types remain under study.
4,0x38a,0xf05e,0xf072,verified-role,get_trap_address,,,src/functions/platform/code_4_get_trap_address.asm,Select the OS or Toolbox trap-address lookup from the supplied flag and return the routine address.
4,0x39e,0xf072,0xf08c,verified-role,lookup_unit_table_entry,,,src/functions/platform/code_4_lookup_unit_table_entry.asm,"Invert the supplied unit index, bounds-check the low-memory unit table, and return its pointer or zero."
4,0x3b8,0xf08c,0xf0cc,verified-role,open_file_with_hfs_fallback,,,src/functions/resource_io/code_4_open_file_with_hfs_fallback.asm,"Build a file parameter block, try the hierarchical open selector, and fall back to trap A000."
4,0x3f8,0xf0cc,0xf0e6,verified-role,close_file_parameter_block,,,src/functions/resource_io/code_4_close_file_parameter_block.asm,Build a file parameter block with its reference number and invoke close trap A001.
4,0x412,0xf0e6,0xf12e,verified-role,read_file_parameter_block,,,src/functions/resource_io/code_4_read_file_parameter_block.asm,"Build a file read parameter block, invoke A002, and update the caller's transferred-byte count."
4,0x45a,0xf12e,0xf180,verified-role,set_file_position,,,src/functions/resource_io/code_4_set_file_position.asm,Build file-position parameters and invoke trap A044.
4,0x4ac,0xf180,0xf196,verified-role,get_working_directory_info,,,src/functions/resource_io/code_4_get_working_directory_info.asm,Invoke the HFS dispatcher with selector seven and the supplied asynchronous flag.
4,0x4c2,0xf196,0xf224,verified-role,get_volume_info_parameter_block,,,src/functions/resource_io/code_4_get_volume_info_parameter_block.asm,Dispatch the volume-info parameter block through A207 or its asynchronous A607 form.
4,0x5a0,0xf274,0xf2ba,verified-role,get_indexed_string_resource,,,src/functions/resource_io/code_4_get_indexed_string_resource.asm,"Load STR# by resource ID, bounds-check its Pascal-string index, and copy the selected string."
4,0x5e6,0xf2ba,0xf40a,recovered-symbol-candidate,findfolder,FINDFOLDER,0xf40a,src/functions/runtime/code_4_findfolder.asm,Native FINDFOLDER routine; the compiler debug trailer supplies its original symbol. Full argument types remain under study.
4,0x744,0xf418,0xf46a,verified-role,hopen,HOPEN,0xf46a,src/functions/runtime/code_4_hopen.asm,Native HOPEN routine; the compiler debug trailer supplies its original symbol. Full argument types remain under study.
4,0x79e,0xf472,0xf4ee,verified-role,hcreate,HCREATE,0xf4ee,src/functions/runtime/code_4_hcreate.asm,Native HCREATE routine; the compiler debug trailer supplies its original symbol. Full argument types remain under study.
4,0x824,0xf4f8,0xf52e,verified-role,hdelete,HDELETE,0xf52e,src/functions/runtime/code_4_hdelete.asm,Native HDELETE routine; the compiler debug trailer supplies its original symbol. Full argument types remain under study.
4,0x864,0xf538,0xf580,verified-role,openwd,OPENWD,0xf580,src/functions/runtime/code_4_openwd.asm,Native OPENWD routine; the compiler debug trailer supplies its original symbol. Full argument types remain under study.
4,0x8b6,0xf58a,0xf5ae,verified-role,closewd,CLOSEWD,0xf5ae,src/functions/runtime/code_4_closewd.asm,Native CLOSEWD routine; the compiler debug trailer supplies its original symbol. Full argument types remain under study.
4,0x8e4,0xf5b8,0xf608,verified-role,getwdinfo,GETWDINFO,0xf608,src/functions/runtime/code_4_getwdinfo.asm,Native GETWDINFO routine; the compiler debug trailer supplies its original symbol. Full argument types remain under study.
5,0x4,0x776a,0x79a2,verified-role,do_event,DoEvent,0x79a2,src/functions/platform/code_5_do_event.asm,Native DoEvent routine; the compiler debug trailer supplies its original symbol. Full argument types remain under study.
5,0x288,0x79ee,0x7a2a,recovered-symbol-candidate,do_activate,DoActivate,0x7a2a,src/functions/platform/code_5_do_activate.asm,Native DoActivate routine; the compiler debug trailer supplies its original symbol. Full argument types remain under study.
5,0x2d2,0x7a38,0x7a5a,verified-role,do_update,DoUpdate,0x7a5a,src/functions/platform/code_5_do_update.asm,Native DoUpdate routine; the compiler debug trailer supplies its original symbol. Full argument types remain under study.
5,0x300,0x7a66,0x7a98,verified-role,do_content_click,DoContentClick,0x7a98,src/functions/platform/code_5_do_content_click.asm,Native DoContentClick routine; the compiler debug trailer supplies its original symbol. Full argument types remain under study.
5,0x37a,0x7ae0,0x7b06,recovered-symbol-candidate,resize_content,ResizeContent,0x7b06,src/functions/runtime/code_5_resize_content.asm,Native ResizeContent routine; the compiler debug trailer supplies its original symbol. Full argument types remain under study.
5,0x3b8,0x7b1e,0x7b68,verified-role,cell_convert_adjacent_pieces,flip,0x7b68,src/functions/puzzle/code_5_cell_convert_adjacent_pieces.asm,Recolor occupied scratch-board neighbors and update old/new piece counters.
5,0x40a,0x7b70,0x7bd2,verified-role,cell_count_board_pieces,scoreAll,0x7bd2,src/functions/puzzle/code_5_cell_count_board_pieces.asm,Count piece codes 1 through 4 across 49 cells and write four trailing counters.
5,0x478,0x7bde,0x7c08,verified-role,cell_begin_forward_move_iteration,,,src/functions/puzzle/code_5_cell_begin_forward_move_iteration.asm,Reset source/neighbor state and copy the 49-cell board into the forward iterator.
5,0x4a2,0x7c08,0x7c16,verified-role,cell_begin_reverse_move_iteration,,,src/functions/puzzle/code_5_cell_begin_reverse_move_iteration.asm,"Reset source, destination, and phase for reverse move iteration."
5,0x4b0,0x7c16,0x7d16,verified-role,cell_next_forward_move,pNextValid,0x7d16,src/functions/puzzle/code_5_cell_next_forward_move.asm,"Enumerate unique adjacent clone destinations, then distance-two jumps."
5,0x5be,0x7d24,0x7e4a,verified-role,cell_next_forward_move_with_jump_deduplication,pNextValid0,0x7e4a,src/functions/puzzle/code_5_cell_next_forward_move_with_jump_deduplication.asm,Enumerate clones and jumps while marking yielded destinations in the iterator board.
5,0x6f2,0x7e58,0x7f3c,verified-role,cell_next_reverse_move,eNextValid,0x7f3c,src/functions/puzzle/code_5_cell_next_reverse_move.asm,"Enumerate empty destinations, one adjacent clone source, then friendly distance-two jump sources."
5,0x7e4,0x7f4a,0x7fb2,verified-role,cell_apply_move_to_scratch_board,makenuboard,0x7fb2,src/functions/puzzle/code_5_cell_apply_move_to_scratch_board.asm,"Copy 49 cells and four counters, apply the move, and convert occupied adjacent cells."
5,0x85a,0x7fc0,0x80b8,verified-role,cell_score_candidate_move,scoreonly,0x80b8,src/functions/puzzle/code_5_cell_score_candidate_move.asm,Evaluate simulated piece-count changes with a signed byte score and root-move clone bias.
5,0x95e,0x80c4,0x8138,verified-role,cell_count_adjacent_clone_opportunities,FancyScore,0x8138,src/functions/puzzle/code_5_cell_count_adjacent_clone_opportunities.asm,Count friendly-source to empty-neighbor incidences in the scratch board.
5,0x9e0,0x8146,0x8160,verified-role,cell_reset_best_move_list,,,src/functions/puzzle/code_5_cell_reset_best_move_list.asm,Store the current source/destination/kind triple and set candidate count to one.
5,0x9fa,0x8160,0x8182,verified-role,cell_append_tied_best_move,,,src/functions/puzzle/code_5_cell_append_tied_best_move.asm,Append the current move triple and increment the candidate count.
5,0xa1c,0x8182,0x8298,verified-role,cell_choose_best_move,setBest,0x8298,src/functions/puzzle/code_5_cell_choose_best_move.asm,"Optionally minimize clone opportunities, then use the Mac Random trap to choose a tied move and equivalent clone source."
5,0xb3c,0x82a2,0x868c,verified-role,cell_search_recursive,pMin,0x868c,src/functions/puzzle/code_5_cell_search_recursive.asm,"Snapshot 57-byte board/iterator state, cycle owners 1 through 4, recurse, prune bounded scores, and restore snapshots."
5,0xf2e,0x8694,0x8910,verified-role,cell_search_best_move,pGen,0x8910,src/functions/puzzle/code_5_cell_search_best_move.asm,"Generate legal moves, evaluate candidate scores, retain best ties, and choose one."
5,0x11b2,0x8918,0x892c,verified-role,cell_reset_ranked_move_list,,,src/functions/puzzle/code_5_cell_reset_ranked_move_list.asm,Clear ranked-list state and set its head to FFFF.
5,0x11c6,0x892c,0x89ac,verified-role,cell_insert_ranked_move,addmove,0x89ac,src/functions/puzzle/code_5_cell_insert_ranked_move.asm,Insert the current move and byte score into a descending linked list with FFFF sentinel.
5,0x1250,0x89b6,0x8c0c,verified-role,cell_build_ranked_move_list,pSave,0x8c0c,src/functions/puzzle/code_5_cell_build_ranked_move_list.asm,"Override the supplied depth with one, enumerate moves, and build the ranked list."
5,0x14ae,0x8c14,0x8d00,verified-role,cell_search_ranked_moves,pSorted,0x8d00,src/functions/puzzle/code_5_cell_search_ranked_moves.asm,"Evaluate the ranked list with recursive search, accumulate ties, and select a move."
5,0x15a4,0x8d0a,0x8d56,verified-role,cell_run_grv_puzzle_search,Infection,0x8d56,src/functions/puzzle/code_5_cell_run_grv_puzzle_search.asm,"Normalize 49 board bytes: ASCII 32h maps to 1, 42h maps to 2, and other bytes map to zero; dispatch search."
5,0x15fc,0x8d62,0x8dfe,verified-role,cell_dispatch_search_strategy,pMax,0x8dfe,src/functions/puzzle/code_5_cell_dispatch_search_strategy.asm,"Reset abort state, increment the search counter, and dispatch direct or ranked search by mode and strategy."
5,0x19da,0x9140,0x9196,recovered-symbol-candidate,lzsscursor_decode,LZSSCursorDecode,0x9196,src/functions/cursor/code_5_lzsscursor_decode.asm,Native LZSSCursorDecode routine; the compiler debug trailer supplies its original symbol. Full argument types remain under study.
5,0x1a44,0x91aa,0x92fe,verified-role,cursor_color_remap,CursorColorRemap,0x92fe,src/functions/cursor/code_5_cursor_color_remap.asm,Native CursorColorRemap routine; the compiler debug trailer supplies its original symbol. Full argument types remain under study.
5,0x1bac,0x9312,0x9352,verified-role,init_file_system,InitFileSystem,0x9352,src/functions/resource_io/code_5_init_file_system.asm,Native InitFileSystem routine; the compiler debug trailer supplies its original symbol. Full argument types remain under study.
5,0x1bfe,0x9364,0x953a,verified-role,open_file_by_number,OpenFileByNumber,0x953a,src/functions/resource_io/code_5_open_file_by_number.asm,Native OpenFileByNumber routine; the compiler debug trailer supplies its original symbol. Full argument types remain under study.
5,0x1de8,0x954e,0x9674,verified-role,file_name_to_number,FileNameToNumber,0x9674,src/functions/resource_io/code_5_file_name_to_number.asm,Native FileNameToNumber routine; the compiler debug trailer supplies its original symbol. Full argument types remain under study.
5,0x2032,0x9798,0x97f0,recovered-symbol-candidate,init_buffers,InitBuffers,0x97f0,src/functions/platform/code_5_init_buffers.asm,Native InitBuffers routine; the compiler debug trailer supplies its original symbol. Full argument types remain under study.
5,0x20b4,0x981a,0x9986,recovered-symbol-candidate,t7_ginit,T7GInit,0x9986,src/functions/platform/code_5_t7_ginit.asm,Native T7GInit routine; the compiler debug trailer supplies its original symbol. Full argument types remain under study.
5,0x23a4,0x9b0a,0x9dc6,recovered-symbol-candidate,check_machine,CheckMachine,0x9dc6,src/functions/platform/code_5_check_machine.asm,Native CheckMachine routine; the compiler debug trailer supplies its original symbol. Full argument types remain under study.
5,0x2670,0x9dd6,0x9e46,verified-role,check_system,CheckSystem,0x9e46,src/functions/platform/code_5_check_system.asm,Native CheckSystem routine; the compiler debug trailer supplies its original symbol. Full argument types remain under study.
5,0x26ee,0x9e54,0x9e7e,verified-role,is_pressed,isPressed,0x9e7e,src/functions/runtime/code_5_is_pressed.asm,Native isPressed routine; the compiler debug trailer supplies its original symbol. Full argument types remain under study.
5,0x2724,0x9e8a,0xaeee,verified-role,script,Script,0xaeee,src/functions/grv/code_5_script.asm,Native Script routine; the compiler debug trailer supplies its original symbol. Full argument types remain under study.
5,0x3830,0xaf96,0xafa2,recovered-symbol-candidate,unimp,Unimp,0xafa2,src/functions/runtime/code_5_unimp.asm,Native Unimp routine; the compiler debug trailer supplies its original symbol. Full argument types remain under study.
5,0x3844,0xafaa,0xafb6,verified-role,dummy,Dummy,0xafb6,src/functions/runtime/code_5_dummy.asm,Native Dummy routine; the compiler debug trailer supplies its original symbol. Full argument types remain under study.
5,0x3858,0xafbe,0xb0a8,verified-role,check_default_clicks,CheckDefaultClicks,0xb0a8,src/functions/grv/code_5_check_default_clicks.asm,Native CheckDefaultClicks routine; the compiler debug trailer supplies its original symbol. Full argument types remain under study.
5,0x3a38,0xb19e,0xb1dc,recovered-symbol-candidate,get_var_offset,GetVarOffset,0xb1dc,src/functions/grv/code_5_get_var_offset.asm,Native GetVarOffset routine; the compiler debug trailer supplies its original symbol. Full argument types remain under study.
5,0x3a86,0xb1ec,0xb232,verified-role,get_lval,GetLVal,0xb232,src/functions/grv/code_5_get_lval.asm,Native GetLVal routine; the compiler debug trailer supplies its original symbol. Full argument types remain under study.
5,0x3ad6,0xb23c,0xb2e2,verified-role,get_rval,GetRVal,0xb2e2,src/functions/grv/code_5_get_rval.asm,Native GetRVal routine; the compiler debug trailer supplies its original symbol. Full argument types remain under study.
5,0x3b86,0xb2ec,0xb396,verified-role,get2_rval,Get2RVal,0xb396,src/functions/grv/code_5_get2_rval.asm,Native Get2RVal routine; the compiler debug trailer supplies its original symbol. Full argument types remain under study.
5,0x3c3c,0xb3a2,0xb3c6,verified-role,get_next_word,GetNextWord,0xb3c6,src/functions/grv/code_5_get_next_word.asm,Native GetNextWord routine; the compiler debug trailer supplies its original symbol. Full argument types remain under study.
5,0x3c6e,0xb3d4,0xb46a,verified-role,check_region,CheckRegion,0xb46a,src/functions/grv/code_5_check_region.asm,Native CheckRegion routine; the compiler debug trailer supplies its original symbol. Full argument types remain under study.
5,0x3d12,0xb478,0xb4c6,verified-role,vdxplayed,VDXPlayed,0xb4c6,src/functions/vdx/code_5_vdxplayed.asm,Native VDXPlayed routine; the compiler debug trailer supplies its original symbol. Full argument types remain under study.
5,0x3d6c,0xb4d2,0xb574,verified-role,save_game,SaveGame,0xb574,src/functions/savegame/code_5_save_game.asm,Native SaveGame routine; the compiler debug trailer supplies its original symbol. Full argument types remain under study.
5,0x3e1a,0xb580,0xb5cc,verified-role,load_game,LoadGame,0xb5cc,src/functions/savegame/code_5_load_game.asm,Native LoadGame routine; the compiler debug trailer supplies its original symbol. Full argument types remain under study.
5,0x3e72,0xb5d8,0xb65c,verified-role,count_saved_games,CountSavedGames,0xb65c,src/functions/savegame/code_5_count_saved_games.asm,Native CountSavedGames routine; the compiler debug trailer supplies its original symbol. Full argument types remain under study.
5,0x3f08,0xb66e,0xb712,verified-role,load_script,LoadScript,0xb712,src/functions/grv/code_5_load_script.asm,Native LoadScript routine; the compiler debug trailer supplies its original symbol. Full argument types remain under study.
5,0x3fba,0xb720,0xb75e,verified-role,load_main_script,LoadMainScript,0xb75e,src/functions/grv/code_5_load_main_script.asm,Native LoadMainScript routine; the compiler debug trailer supplies its original symbol. Full argument types remain under study.
5,0x400a,0xb770,0xb7bc,verified-role,init_script,InitScript,0xb7bc,src/functions/grv/code_5_init_script.asm,Native InitScript routine; the compiler debug trailer supplies its original symbol. Full argument types remain under study.
5,0x40b6,0xb81c,0xb8f2,recovered-symbol-candidate,random_number,RandomNumber,0xb8f2,src/functions/grv/code_5_random_number.asm,Native RandomNumber routine; the compiler debug trailer supplies its original symbol. Full argument types remain under study.
5,0x419c,0xb902,0xb94e,verified-role,set_up_text,SetUpText,0xb94e,src/functions/grv/code_5_set_up_text.asm,Native SetUpText routine; the compiler debug trailer supplies its original symbol. Full argument types remain under study.
5,0x41f4,0xb95a,0xb9ba,verified-role,erase_text,EraseText,0xb9ba,src/functions/grv/code_5_erase_text.asm,Native EraseText routine; the compiler debug trailer supplies its original symbol. Full argument types remain under study.
5,0x4260,0xb9c6,0xba16,verified-role,clear_eol,ClearEOL,0xba16,src/functions/grv/code_5_clear_eol.asm,Native ClearEOL routine; the compiler debug trailer supplies its original symbol. Full argument types remain under study.
5,0x4368,0xbace,0xbaf4,recovered-symbol-candidate,set_pcmvolume,SetPCMVolume,0xbaf4,src/functions/audio/code_5_set_pcmvolume.asm,Native SetPCMVolume routine; the compiler debug trailer supplies its original symbol. Full argument types remain under study.
5,0x439e,0xbb04,0xbb32,verified-role,close_sound,CloseSound,0xbb32,src/functions/audio/code_5_close_sound.asm,Native CloseSound routine; the compiler debug trailer supplies its original symbol. Full argument types remain under study.
5,0x43da,0xbb40,0xbb5a,verified-role,fix_word,FixWord,0xbb5a,src/functions/runtime/code_5_fix_word.asm,Native FixWord routine; the compiler debug trailer supplies its original symbol. Full argument types remain under study.
5,0x43fe,0xbb64,0xbb7e,verified-role,fix_long,FixLong,0xbb7e,src/functions/runtime/code_5_fix_long.asm,Native FixLong routine; the compiler debug trailer supplies its original symbol. Full argument types remain under study.
5,0x4422,0xbb88,0xbba8,verified-role,appendi2cstr,appendi2cstr,0xbba8,src/functions/runtime/code_5_appendi2cstr.asm,Native appendi2cstr routine; the compiler debug trailer supplies its original symbol. Full argument types remain under study.
5,0x4452,0xbbb8,0xbc02,verified-role,appendi2pstr,appendi2pstr,0xbc02,src/functions/runtime/code_5_appendi2pstr.asm,Native appendi2pstr routine; the compiler debug trailer supplies its original symbol. Full argument types remain under study.
5,0x44ac,0xbc12,0xbc5e,verified-role,i2cstr,i2cstr,0xbc5e,src/functions/runtime/code_5_i2cstr.asm,Native i2cstr routine; the compiler debug trailer supplies its original symbol. Full argument types remain under study.
5,0x4502,0xbc68,0xbc80,verified-role,i2pstr,i2pstr,0xbc80,src/functions/runtime/code_5_i2pstr.asm,Native i2pstr routine; the compiler debug trailer supplies its original symbol. Full argument types remain under study.
5,0x4524,0xbc8a,0xbcc0,verified-role,pstrcat,pstrcat,0xbcc0,src/functions/runtime/code_5_pstrcat.asm,Native pstrcat routine; the compiler debug trailer supplies its original symbol. Full argument types remain under study.
5,0x4564,0xbcca,0xbcf0,verified-role,pstrcpy,pstrcpy,0xbcf0,src/functions/runtime/code_5_pstrcpy.asm,Native pstrcpy routine; the compiler debug trailer supplies its original symbol. Full argument types remain under study.
5,0x4594,0xbcfa,0xbd4e,verified-role,get_hex_byte,GetHexByte,0xbd4e,src/functions/runtime/code_5_get_hex_byte.asm,Native GetHexByte routine; the compiler debug trailer supplies its original symbol. Full argument types remain under study.
5,0x45f6,0xbd5c,0xbe96,verified-role,key_equiv_filter,keyEquivFilter,0xbe96,src/functions/runtime/code_5_key_equiv_filter.asm,Native keyEquivFilter routine; the compiler debug trailer supplies its original symbol. Full argument types remain under study.
5,0x4742,0xbea8,0xbedc,verified-role,offset_control,OffsetControl,0xbedc,src/functions/runtime/code_5_offset_control.asm,Native OffsetControl routine; the compiler debug trailer supplies its original symbol. Full argument types remain under study.
5,0x4786,0xbeec,0xbef4,verified-role,do_draw_grow_icon,DoDrawGrowIcon,0xbef4,src/functions/platform/code_5_do_draw_grow_icon.asm,Native DoDrawGrowIcon routine; the compiler debug trailer supplies its original symbol. Full argument types remain under study.
5,0x47a0,0xbf06,0xbf30,verified-role,do_draw_controls,DoDrawControls,0xbf30,src/functions/platform/code_5_do_draw_controls.asm,Native DoDrawControls routine; the compiler debug trailer supplies its original symbol. Full argument types remain under study.
5,0x47dc,0xbf42,0xbffa,verified-role,do_draw1_control,DoDraw1Control,0xbffa,src/functions/platform/code_5_do_draw1_control.asm,Native DoDraw1Control routine; the compiler debug trailer supplies its original symbol. Full argument types remain under study.
5,0x48a6,0xc00c,0xc240,verified-role,init_vdx,InitVDX,0xc240,src/functions/vdx/code_5_init_vdx.asm,Native InitVDX routine; the compiler debug trailer supplies its original symbol. Full argument types remain under study.
5,0x4b14,0xc27a,0xc342,recovered-symbol-candidate,open_vdx,OpenVDX,0xc342,src/functions/vdx/code_5_open_vdx.asm,Native OpenVDX routine; the compiler debug trailer supplies its original symbol. Full argument types remain under study.
5,0x4c00,0xc366,0xc636,recovered-symbol-candidate,frame_vdx,FrameVDX,0xc636,src/functions/vdx/code_5_frame_vdx.asm,Native FrameVDX routine; the compiler debug trailer supplies its original symbol. Full argument types remain under study.
5,0x4edc,0xc642,0xc994,verified-role,proc_ccm4,ProcCCM4,0xc994,src/functions/vdx/code_5_proc_ccm4.asm,Native ProcCCM4 routine; the compiler debug trailer supplies its original symbol. Full argument types remain under study.
5,0x523a,0xc9a0,0xe1e2,verified-role,proc_ccc4,ProcCCC4,0xe1e2,src/functions/vdx/code_5_proc_ccc4.asm,Native ProcCCC4 routine; the compiler debug trailer supplies its original symbol. Full argument types remain under study.
5,0x6a88,0xe1ee,0xe2b4,verified-role,fade_palette_down,FadePaletteDown,0xe2b4,src/functions/vdx/code_5_fade_palette_down.asm,Native FadePaletteDown routine; the compiler debug trailer supplies its original symbol. Full argument types remain under study.
5,0x6b82,0xe2e8,0xe372,recovered-symbol-candidate,mboff,MBOff,0xe372,src/functions/runtime/code_5_mboff.asm,Native MBOff routine; the compiler debug trailer supplies its original symbol. Full argument types remain under study.
5,0x6c16,0xe37c,0xe37e,verified-role,reserved_no_op,,,src/functions/runtime/code_5_reserved_no_op.asm,Reserved jump-table entry returns immediately.
5,0x6c18,0xe37e,0xe3d2,verified-role,clear_screen,ClearScreen,0xe3d2,src/functions/vdx/code_5_clear_screen.asm,Native ClearScreen routine; the compiler debug trailer supplies its original symbol. Full argument types remain under study.
5,0x6c7e,0xe3e4,0xe3e6,verified-role,reserved_decoder_no_op,,,src/functions/runtime/code_5_reserved_decoder_no_op.asm,Reserved jump-table entry returns immediately before the LZSS decoder wrapper.
5,0x6c80,0xe3e6,0xe446,verified-role,lzssdecode,LZSSDecode,0xe446,src/functions/vdx/code_5_lzssdecode.asm,Native LZSSDecode routine; the compiler debug trailer supplies its original symbol. Full argument types remain under study.
5,0x6d28,0xe48e,0xe6fc,recovered-symbol-candidate,set_mask,SetMask,0xe6fc,src/functions/vdx/code_5_set_mask.asm,Native SetMask routine; the compiler debug trailer supplies its original symbol. Full argument types remain under study.
5,0x6fa0,0xe706,0xe770,verified-role,copy_screen_to_mask,CopyScreenToMask,0xe770,src/functions/vdx/code_5_copy_screen_to_mask.asm,Native CopyScreenToMask routine; the compiler debug trailer supplies its original symbol. Full argument types remain under study.
5,0x701e,0xe784,0xe87e,verified-role,blit_to_screen,BlitToScreen,0xe87e,src/functions/vdx/code_5_blit_to_screen.asm,Native BlitToScreen routine; the compiler debug trailer supplies its original symbol. Full argument types remain under study.
5,0x7128,0xe88e,0xeb34,verified-role,proc_masked_ccc4,ProcMaskedCCC4,0xeb34,src/functions/vdx/code_5_proc_masked_ccc4.asm,Native ProcMaskedCCC4 routine; the compiler debug trailer supplies its original symbol. Full argument types remain under study.
5,0x73e0,0xeb46,0xebd0,verified-role,find_used_colors,FindUsedColors,0xebd0,src/functions/vdx/code_5_find_used_colors.asm,Native FindUsedColors routine; the compiler debug trailer supplies its original symbol. Full argument types remain under study.
5,0x74dc,0xec42,0xecc0,recovered-symbol-candidate,init_ccctable,InitCCCTable,0xecc0,src/functions/vdx/code_5_init_ccctable.asm,Native InitCCCTable routine; the compiler debug trailer supplies its original symbol. Full argument types remain under study.
