filename,chunk,data_fork_offset,vdx_offset,type,coding,payload_bytes,length_mask,length_bits
pid1.vdx,0,8,8,0x20,0x77,32930,15,4
pid1.vdx,1,32946,32946,0x00,0x67,0,0,0
pid1.vdx,2,32954,32954,0x00,0x67,0,0,0
pid1.vdx,3,32962,32962,0x25,0x77,11652,7,3
pid1.vdx,4,44622,44622,0x25,0x77,12206,7,3
pid1.vdx,5,56836,56836,0x25,0x77,12465,7,3
pid1.vdx,6,69309,69309,0x25,0x77,12571,7,3
pid1.vdx,7,81888,81888,0x25,0x67,12756,0,0
pid1.vdx,8,94652,94652,0x25,0x67,12767,0,0
pid1.vdx,9,107427,107427,0x25,0x77,12353,7,3
pid1.vdx,10,119788,119788,0x25,0x67,12800,0,0
pid1.vdx,11,132596,132596,0x25,0x77,12138,7,3
pid1.vdx,12,144742,144742,0x25,0x77,11967,7,3
pid1.vdx,13,156717,156717,0x25,0x77,11240,7,3
pid1.vdx,14,167965,167965,0x25,0x77,11467,7,3
pid1.vdx,15,179440,179440,0x25,0x77,9621,7,3
pid1.vdx,16,189069,189069,0x25,0x77,9135,7,3
pid1.vdx,17,198212,198212,0x25,0x77,26449,7,3
pid2.vdx,0,224678,8,0x20,0x77,32929,15,4
pid2.vdx,1,257615,32945,0x00,0x67,0,0,0
pid2.vdx,2,257623,32953,0x00,0x67,0,0,0
pid2.vdx,3,257631,32961,0x25,0x77,12112,7,3
pid2.vdx,4,269751,45081,0x25,0x77,12346,7,3
pid2.vdx,5,282105,57435,0x25,0x77,12410,7,3
pid2.vdx,6,294523,69853,0x25,0x67,12771,0,0
pid2.vdx,7,307302,82632,0x25,0x67,12775,0,0
pid2.vdx,8,320085,95415,0x25,0x67,12800,0,0
pid2.vdx,9,332893,108223,0x25,0x77,12585,7,3
pid2.vdx,10,345486,120816,0x25,0x67,12756,0,0
pid2.vdx,11,358250,133580,0x25,0x77,12552,7,3
pid2.vdx,12,370810,146140,0x25,0x67,12609,0,0
pid2.vdx,13,383427,158757,0x25,0x77,11871,7,3
pid2.vdx,14,395306,170636,0x25,0x67,12175,0,0
pid2.vdx,15,407489,182819,0x25,0x67,10306,0,0
pid2.vdx,16,417803,193133,0x25,0x67,9889,0,0
pid2.vdx,17,427700,203030,0x25,0x77,30547,7,3
title.vdx,0,458264,8,0x20,0x77,44512,7,3
title.vdx,1,502784,44528,0x00,0x67,0,0,0
title.vdx,2,502792,44536,0x00,0x67,0,0,0
title.vdx,3,502800,44544,0x00,0x67,0,0,0
title.vdx,4,502808,44552,0x00,0x67,0,0,0
title.vdx,5,502816,44560,0x00,0x67,0,0,0
title.vdx,6,502824,44568,0x00,0x67,0,0,0
title.vdx,7,502832,44576,0x00,0x67,0,0,0
title.vdx,8,502840,44584,0x00,0x67,0,0,0
title.vdx,9,502848,44592,0x00,0x67,0,0,0
title.vdx,10,502856,44600,0x00,0x67,0,0,0
title.vdx,11,502864,44608,0x00,0x67,0,0,0
title.vdx,12,502872,44616,0x00,0x67,0,0,0
title.vdx,13,502880,44624,0x00,0x67,0,0,0
title.vdx,14,502888,44632,0x00,0x67,0,0,0
title.vdx,15,502896,44640,0x00,0x67,0,0,0
title.vdx,16,502904,44648,0x00,0x67,0,0,0
title.vdx,17,502912,44656,0x00,0x67,0,0,0
title.vdx,18,502920,44664,0x00,0x67,0,0,0
title.vdx,19,502928,44672,0x00,0x67,0,0,0
title.vdx,20,502936,44680,0x00,0x67,0,0,0
title.vdx,21,502944,44688,0x00,0x67,0,0,0
title.vdx,22,502952,44696,0x00,0x67,0,0,0
title.vdx,23,502960,44704,0x00,0x67,0,0,0
title.vdx,24,502968,44712,0x00,0x67,0,0,0
title.vdx,25,502976,44720,0x00,0x67,0,0,0
title.vdx,26,502984,44728,0x00,0x67,0,0,0
title.vdx,27,502992,44736,0x00,0x67,0,0,0
title.vdx,28,503000,44744,0x00,0x67,0,0,0
title.vdx,29,503008,44752,0x00,0x67,0,0,0
title.vdx,30,503016,44760,0x00,0x67,0,0,0
title.vdx,31,503024,44768,0x00,0x67,0,0,0
title.vdx,32,503032,44776,0x00,0x67,0,0,0
title.vdx,33,503040,44784,0x00,0x67,0,0,0
title.vdx,34,503048,44792,0x00,0x67,0,0,0
title.vdx,35,503056,44800,0x00,0x67,0,0,0
title.vdx,36,503064,44808,0x00,0x67,0,0,0
title.vdx,37,503072,44816,0x00,0x67,0,0,0
title.vdx,38,503080,44824,0x00,0x67,0,0,0
title.vdx,39,503088,44832,0x00,0x67,0,0,0
title.vdx,40,503096,44840,0x00,0x67,0,0,0
title.vdx,41,503104,44848,0x00,0x67,0,0,0
title.vdx,42,503112,44856,0x00,0x67,0,0,0
title.vdx,43,503120,44864,0x00,0x67,0,0,0
title.vdx,44,503128,44872,0x00,0x67,0,0,0
title.vdx,45,503136,44880,0x00,0x67,0,0,0
title.vdx,46,503144,44888,0x00,0x67,0,0,0
title.vdx,47,503152,44896,0x00,0x67,0,0,0
title.vdx,48,503160,44904,0x00,0x67,0,0,0
title.vdx,49,503168,44912,0x00,0x67,0,0,0
title.vdx,50,503176,44920,0x25,0x77,37602,7,3
title.vdx,51,540786,82530,0x25,0x77,31378,7,3
title.vdx,52,572172,113916,0x25,0x77,1663,31,5
title.vdx,53,573843,115587,0x00,0x67,0,0,0
title.vdx,54,573851,115595,0x25,0x77,37681,7,3
title.vdx,55,611540,153284,0x25,0x77,32658,7,3
title.vdx,56,644206,185950,0x25,0x77,29220,7,3
title.vdx,57,673434,215178,0x00,0x67,0,0,0
title.vdx,58,673442,215186,0x00,0x67,0,0,0
title.vdx,59,673450,215194,0x00,0x67,0,0,0
title.vdx,60,673458,215202,0x00,0x67,0,0,0
title.vdx,61,673466,215210,0x00,0x67,0,0,0
title.vdx,62,673474,215218,0x00,0x67,0,0,0
title.vdx,63,673482,215226,0x00,0x67,0,0,0
title.vdx,64,673490,215234,0x00,0x67,0,0,0
title.vdx,65,673498,215242,0x00,0x67,0,0,0
title.vdx,66,673506,215250,0x00,0x67,0,0,0
title.vdx,67,673514,215258,0x00,0x67,0,0,0
title.vdx,68,673522,215266,0x00,0x67,0,0,0
title.vdx,69,673530,215274,0x00,0x67,0,0,0
title.vdx,70,673538,215282,0x00,0x67,0,0,0
title.vdx,71,673546,215290,0x00,0x67,0,0,0
title.vdx,72,673554,215298,0x00,0x67,0,0,0
title.vdx,73,673562,215306,0x00,0x67,0,0,0
title.vdx,74,673570,215314,0x00,0x67,0,0,0
title.vdx,75,673578,215322,0x00,0x67,0,0,0
title.vdx,76,673586,215330,0x00,0x67,0,0,0
title.vdx,77,673594,215338,0x25,0x77,37694,7,3
title.vdx,78,711296,253040,0x25,0x77,33787,7,3
title.vdx,79,745091,286835,0x25,0x77,34813,7,3
title.vdx,80,779912,321656,0x25,0x77,32857,7,3
title.vdx,81,812777,354521,0x25,0x77,43912,7,3
title.vdx,82,856697,398441,0x25,0x77,37337,7,3
title.vdx,83,894042,435786,0x25,0x77,653,63,6
title.vdx,84,894703,436447,0x00,0x67,0,0,0
title.vdx,85,894711,436455,0x00,0x67,0,0,0
title.vdx,86,894719,436463,0x00,0x67,0,0,0
title.vdx,87,894727,436471,0x00,0x67,0,0,0
title.vdx,88,894735,436479,0x00,0x67,0,0,0
title.vdx,89,894743,436487,0x00,0x67,0,0,0
title.vdx,90,894751,436495,0x00,0x67,0,0,0
title.vdx,91,894759,436503,0x00,0x67,0,0,0
title.vdx,92,894767,436511,0x00,0x67,0,0,0
title.vdx,93,894775,436519,0x25,0x77,18,127,7
title.vdx,94,894801,436545,0x25,0x77,20,127,7
title.vdx,95,894829,436573,0x25,0x77,26,127,7
title.vdx,96,894863,436607,0x25,0x77,32,127,7
title.vdx,97,894903,436647,0x25,0x77,26,127,7
title.vdx,98,894937,436681,0x25,0x77,20,127,7
title.vdx,99,894965,436709,0x25,0x77,23,127,7
title.vdx,100,894996,436740,0x25,0x77,26,127,7
title.vdx,101,895030,436774,0x00,0x67,0,0,0
title.vdx,102,895038,436782,0x00,0x67,0,0,0
title.vdx,103,895046,436790,0x25,0x77,18,127,7
title.vdx,104,895072,436816,0x25,0x77,20,127,7
title.vdx,105,895100,436844,0x25,0x77,24,127,7
title.vdx,106,895132,436876,0x25,0x77,26,127,7
title.vdx,107,895166,436910,0x00,0x67,0,0,0
title.vdx,108,895174,436918,0x00,0x67,0,0,0
title.vdx,109,895182,436926,0x25,0x77,25,127,7
title.vdx,110,895215,436959,0x25,0x77,28,127,7
title.vdx,111,895251,436995,0x00,0x67,0,0,0
title.vdx,112,895259,437003,0x00,0x67,0,0,0
title.vdx,113,895267,437011,0x00,0x67,0,0,0
title.vdx,114,895275,437019,0x00,0x67,0,0,0
title.vdx,115,895283,437027,0x00,0x67,0,0,0
title.vdx,116,895291,437035,0x00,0x67,0,0,0
title.vdx,117,895299,437043,0x25,0x77,18,127,7
title.vdx,118,895325,437069,0x25,0x77,20,127,7
title.vdx,119,895353,437097,0x00,0x67,0,0,0
title.vdx,120,895361,437105,0x00,0x67,0,0,0
title.vdx,121,895369,437113,0x25,0x77,655,63,6
title.vdx,122,896032,437776,0x25,0x77,42399,7,3
title.vdx,123,938439,480183,0x25,0x77,32381,7,3
title.vdx,124,970828,512572,0x25,0x67,32135,0,0
title.vdx,125,1002971,544715,0x25,0x77,33562,7,3
title.vdx,126,1036541,578285,0x25,0x77,35653,7,3
title.vdx,127,1072202,613946,0x25,0x77,33433,7,3
title.vdx,128,1105643,647387,0x25,0x77,186,127,7
title.vdx,129,1105837,647581,0x00,0x67,0,0,0
title.vdx,130,1105845,647589,0x00,0x67,0,0,0
title.vdx,131,1105853,647597,0x00,0x67,0,0,0
title.vdx,132,1105861,647605,0x25,0x77,29466,7,3
title.vdx,133,1135335,677079,0x25,0x77,37681,7,3
title.vdx,134,1173024,714768,0x25,0x77,32658,7,3
title.vdx,135,1205690,747434,0x25,0x77,29220,7,3
title.vdx,136,1234918,776662,0x00,0x67,0,0,0
title.vdx,137,1234926,776670,0x25,0x77,37694,7,3
title.vdx,138,1272628,814372,0x00,0x67,0,0,0
title.vdx,139,1272636,814380,0x00,0x67,0,0,0
title.vdx,140,1272644,814388,0x25,0x77,186,127,7
title.vdx,141,1272838,814582,0x25,0x77,32284,7,3
title.vdx,142,1305130,846874,0x00,0x67,0,0,0
title.vdx,143,1305138,846882,0x00,0x67,0,0,0
title.vdx,144,1305146,846890,0x25,0x77,35298,7,3
title.vdx,145,1340452,882196,0x25,0x77,33383,7,3
title.vdx,146,1373843,915587,0x25,0x77,34481,7,3
title.vdx,147,1408332,950076,0x25,0x77,9089,15,4
title.vdx,148,1417429,959173,0x25,0x77,7284,15,4
title.vdx,149,1424721,966465,0x00,0x67,0,0,0
title.vdx,150,1424729,966473,0x00,0x67,0,0,0
title.vdx,151,1424737,966481,0x00,0x67,0,0,0
title.vdx,152,1424745,966489,0x00,0x67,0,0,0
title.vdx,153,1424753,966497,0x00,0x67,0,0,0
title.vdx,154,1424761,966505,0x00,0x67,0,0,0
title.vdx,155,1424769,966513,0x00,0x67,0,0,0
title.vdx,156,1424777,966521,0x00,0x67,0,0,0
title.vdx,157,1424785,966529,0x00,0x67,0,0,0
title.vdx,158,1424793,966537,0x00,0x67,0,0,0
title.vdx,159,1424801,966545,0x00,0x67,0,0,0
title.vdx,160,1424809,966553,0x00,0x67,0,0,0
title.vdx,161,1424817,966561,0x00,0x67,0,0,0
title.vdx,162,1424825,966569,0x00,0x67,0,0,0
title.vdx,163,1424833,966577,0x00,0x67,0,0,0
title.vdx,164,1424841,966585,0x00,0x67,0,0,0
title.vdx,165,1424849,966593,0x00,0x67,0,0,0
title.vdx,166,1424857,966601,0x00,0x67,0,0,0
title.vdx,167,1424865,966609,0x00,0x67,0,0,0
title.vdx,168,1424873,966617,0x00,0x67,0,0,0
title.vdx,169,1424881,966625,0x00,0x67,0,0,0
title.vdx,170,1424889,966633,0x00,0x67,0,0,0
title.vdx,171,1424897,966641,0x00,0x67,0,0,0
title.vdx,172,1424905,966649,0x00,0x67,0,0,0
title.vdx,173,1424913,966657,0x00,0x67,0,0,0
title.vdx,174,1424921,966665,0x00,0x67,0,0,0
title.vdx,175,1424929,966673,0x00,0x67,0,0,0
title.vdx,176,1424937,966681,0x00,0x67,0,0,0
title.vdx,177,1424945,966689,0x00,0x67,0,0,0
title.vdx,178,1424953,966697,0x00,0x67,0,0,0
title.vdx,179,1424961,966705,0x00,0x67,0,0,0
title.vdx,180,1424969,966713,0x00,0x67,0,0,0
title.vdx,181,1424977,966721,0x00,0x67,0,0,0
title.vdx,182,1424985,966729,0x00,0x67,0,0,0
title.vdx,183,1424993,966737,0x00,0x67,0,0,0
title.vdx,184,1425001,966745,0x00,0x67,0,0,0
title.vdx,185,1425009,966753,0x00,0x67,0,0,0
title.vdx,186,1425017,966761,0x00,0x67,0,0,0
title.vdx,187,1425025,966769,0x00,0x67,0,0,0
title.vdx,188,1425033,966777,0x00,0x67,0,0,0
title.vdx,189,1425041,966785,0x00,0x67,0,0,0
title.vdx,190,1425049,966793,0x25,0x77,9335,15,4
title.vdx,191,1434392,976136,0x25,0x77,9752,7,3
title.vdx,192,1444152,985896,0x25,0x77,30914,7,3
title.vdx,193,1475074,1016818,0x25,0x77,35018,7,3
title.vdx,194,1510100,1051844,0x25,0x77,35913,7,3
title.vdx,195,1546021,1087765,0x25,0x77,33433,7,3
title.vdx,196,1579462,1121206,0x25,0x77,186,127,7
title.vdx,197,1579656,1121400,0x00,0x67,0,0,0
title.vdx,198,1579664,1121408,0x00,0x67,0,0,0
title.vdx,199,1579672,1121416,0x00,0x67,0,0,0
title.vdx,200,1579680,1121424,0x25,0x77,29466,7,3
title.vdx,201,1609154,1150898,0x25,0x77,37602,7,3
title.vdx,202,1646764,1188508,0x25,0x77,29465,7,3
title.vdx,203,1676237,1217981,0x00,0x67,0,0,0
title.vdx,204,1676245,1217989,0x00,0x67,0,0,0
title.vdx,205,1676253,1217997,0x00,0x67,0,0,0
title.vdx,206,1676261,1218005,0x00,0x67,0,0,0
title.vdx,207,1676269,1218013,0x00,0x67,0,0,0
title.vdx,208,1676277,1218021,0x00,0x67,0,0,0
title.vdx,209,1676285,1218029,0x00,0x67,0,0,0
title.vdx,210,1676293,1218037,0x00,0x67,0,0,0
title.vdx,211,1676301,1218045,0x00,0x67,0,0,0
title.vdx,212,1676309,1218053,0x00,0x67,0,0,0
title.vdx,213,1676317,1218061,0x00,0x67,0,0,0
title.vdx,214,1676325,1218069,0x00,0x67,0,0,0
title.vdx,215,1676333,1218077,0x00,0x67,0,0,0
title.vdx,216,1676341,1218085,0x00,0x67,0,0,0
title.vdx,217,1676349,1218093,0x00,0x67,0,0,0
title.vdx,218,1676357,1218101,0x00,0x67,0,0,0
title.vdx,219,1676365,1218109,0x00,0x67,0,0,0
title.vdx,220,1676373,1218117,0x00,0x67,0,0,0
title.vdx,221,1676381,1218125,0x00,0x67,0,0,0
title.vdx,222,1676389,1218133,0x00,0x67,0,0,0
title.vdx,223,1676397,1218141,0x00,0x67,0,0,0
title.vdx,224,1676405,1218149,0x00,0x67,0,0,0
title.vdx,225,1676413,1218157,0x00,0x67,0,0,0
title.vdx,226,1676421,1218165,0x00,0x67,0,0,0
title.vdx,227,1676429,1218173,0x00,0x67,0,0,0
title.vdx,228,1676437,1218181,0x00,0x67,0,0,0
title.vdx,229,1676445,1218189,0x00,0x67,0,0,0
title.vdx,230,1676453,1218197,0x00,0x67,0,0,0
title.vdx,231,1676461,1218205,0x00,0x67,0,0,0
title.vdx,232,1676469,1218213,0x00,0x67,0,0,0
title.vdx,233,1676477,1218221,0x25,0x77,37694,7,3
title.vdx,234,1714179,1255923,0x00,0x67,0,0,0
title.vdx,235,1714187,1255931,0x00,0x67,0,0,0
title.vdx,236,1714195,1255939,0x00,0x67,0,0,0
title.vdx,237,1714203,1255947,0x25,0x77,186,127,7
title.vdx,238,1714397,1256141,0x25,0x77,32284,7,3
title.vdx,239,1746689,1288433,0x25,0x77,36468,7,3
title.vdx,240,1783165,1324909,0x25,0x77,36096,7,3
title.vdx,241,1819269,1361013,0x25,0x77,41056,7,3
title.vdx,242,1860333,1402077,0x25,0x77,16288,7,3
title.vdx,243,1876629,1418373,0x25,0x77,13356,15,4
title.vdx,244,1889993,1431737,0x00,0x67,0,0,0
title.vdx,245,1890001,1431745,0x00,0x67,0,0,0
title.vdx,246,1890009,1431753,0x00,0x67,0,0,0
title.vdx,247,1890017,1431761,0x00,0x67,0,0,0
title.vdx,248,1890025,1431769,0x00,0x67,0,0,0
title.vdx,249,1890033,1431777,0x00,0x67,0,0,0
title.vdx,250,1890041,1431785,0x00,0x67,0,0,0
title.vdx,251,1890049,1431793,0x00,0x67,0,0,0
title.vdx,252,1890057,1431801,0x00,0x67,0,0,0
title.vdx,253,1890065,1431809,0x00,0x67,0,0,0
title.vdx,254,1890073,1431817,0x00,0x67,0,0,0
title.vdx,255,1890081,1431825,0x00,0x67,0,0,0
title.vdx,256,1890089,1431833,0x00,0x67,0,0,0
title.vdx,257,1890097,1431841,0x00,0x67,0,0,0
title.vdx,258,1890105,1431849,0x00,0x67,0,0,0
title.vdx,259,1890113,1431857,0x00,0x67,0,0,0
title.vdx,260,1890121,1431865,0x00,0x67,0,0,0
title.vdx,261,1890129,1431873,0x00,0x67,0,0,0
title.vdx,262,1890137,1431881,0x00,0x67,0,0,0
title.vdx,263,1890145,1431889,0x00,0x67,0,0,0
title.vdx,264,1890153,1431897,0x00,0x67,0,0,0
title.vdx,265,1890161,1431905,0x00,0x67,0,0,0
title.vdx,266,1890169,1431913,0x00,0x67,0,0,0
title.vdx,267,1890177,1431921,0x00,0x67,0,0,0
title.vdx,268,1890185,1431929,0x00,0x67,0,0,0
title.vdx,269,1890193,1431937,0x00,0x67,0,0,0
title.vdx,270,1890201,1431945,0x00,0x67,0,0,0
title.vdx,271,1890209,1431953,0x00,0x67,0,0,0
title.vdx,272,1890217,1431961,0x00,0x67,0,0,0
title.vdx,273,1890225,1431969,0x00,0x67,0,0,0
title.vdx,274,1890233,1431977,0x00,0x67,0,0,0
title.vdx,275,1890241,1431985,0x00,0x67,0,0,0
title.vdx,276,1890249,1431993,0x00,0x67,0,0,0
title.vdx,277,1890257,1432001,0x00,0x67,0,0,0
title.vdx,278,1890265,1432009,0x00,0x67,0,0,0
title.vdx,279,1890273,1432017,0x00,0x67,0,0,0
title.vdx,280,1890281,1432025,0x00,0x67,0,0,0
title.vdx,281,1890289,1432033,0x00,0x67,0,0,0
title.vdx,282,1890297,1432041,0x00,0x67,0,0,0
title.vdx,283,1890305,1432049,0x00,0x67,0,0,0
title.vdx,284,1890313,1432057,0x00,0x67,0,0,0
title.vdx,285,1890321,1432065,0x00,0x67,0,0,0
title.vdx,286,1890329,1432073,0x00,0x67,0,0,0
title.vdx,287,1890337,1432081,0x00,0x67,0,0,0
title.vdx,288,1890345,1432089,0x00,0x67,0,0,0
title.vdx,289,1890353,1432097,0x00,0x67,0,0,0
title.vdx,290,1890361,1432105,0x25,0x77,16509,7,3
title.vdx,291,1906878,1448622,0x25,0x77,17988,7,3
title.vdx,292,1924874,1466618,0x25,0x77,33790,7,3
title.vdx,293,1958672,1500416,0x25,0x77,36372,7,3
title.vdx,294,1995052,1536796,0x25,0x77,37492,7,3
title.vdx,295,2032552,1574296,0x25,0x77,29466,7,3
title.vdx,296,2062026,1603770,0x00,0x67,0,0,0
title.vdx,297,2062034,1603778,0x00,0x67,0,0,0
title.vdx,298,2062042,1603786,0x00,0x67,0,0,0
title.vdx,299,2062050,1603794,0x00,0x67,0,0,0
title.vdx,300,2062058,1603802,0x00,0x67,0,0,0
title.vdx,301,2062066,1603810,0x00,0x67,0,0,0
title.vdx,302,2062074,1603818,0x00,0x67,0,0,0
title.vdx,303,2062082,1603826,0x00,0x67,0,0,0
title.vdx,304,2062090,1603834,0x00,0x67,0,0,0
title.vdx,305,2062098,1603842,0x00,0x67,0,0,0
title.vdx,306,2062106,1603850,0x00,0x67,0,0,0
title.vdx,307,2062114,1603858,0x00,0x67,0,0,0
title.vdx,308,2062122,1603866,0x00,0x67,0,0,0
title.vdx,309,2062130,1603874,0x00,0x67,0,0,0
title.vdx,310,2062138,1603882,0x00,0x67,0,0,0
title.vdx,311,2062146,1603890,0x00,0x67,0,0,0
title.vdx,312,2062154,1603898,0x00,0x67,0,0,0
title.vdx,313,2062162,1603906,0x00,0x67,0,0,0
title.vdx,314,2062170,1603914,0x00,0x67,0,0,0
title.vdx,315,2062178,1603922,0x00,0x67,0,0,0
title.vdx,316,2062186,1603930,0x00,0x67,0,0,0
title.vdx,317,2062194,1603938,0x00,0x67,0,0,0
title.vdx,318,2062202,1603946,0x25,0x77,37670,7,3
title.vdx,319,2099880,1641624,0x25,0x77,44077,7,3
tripro.vdx,0,2143974,8,0x20,0x77,1697,127,7
tripro.vdx,1,2145679,1713,0x00,0x67,0,0,0
tripro.vdx,2,2145687,1721,0x00,0x67,0,0,0
tripro.vdx,3,2145695,1729,0x00,0x67,0,0,0
tripro.vdx,4,2145703,1737,0x00,0x67,0,0,0
tripro.vdx,5,2145711,1745,0x00,0x67,0,0,0
tripro.vdx,6,2145719,1753,0x00,0x67,0,0,0
tripro.vdx,7,2145727,1761,0x25,0x77,293,127,7
tripro.vdx,8,2146028,2062,0x25,0x77,1347,31,5
tripro.vdx,9,2147383,3417,0x25,0x77,3360,15,4
tripro.vdx,10,2150751,6785,0x25,0x77,4954,15,4
tripro.vdx,11,2155713,11747,0x25,0x77,6658,15,4
tripro.vdx,12,2162379,18413,0x25,0x77,8088,15,4
tripro.vdx,13,2170475,26509,0x25,0x77,9716,7,3
tripro.vdx,14,2180199,36233,0x25,0x77,11006,7,3
tripro.vdx,15,2191213,47247,0x25,0x77,13310,7,3
tripro.vdx,16,2204531,60565,0x25,0x77,15274,7,3
tripro.vdx,17,2219813,75847,0x25,0x77,19435,7,3
tripro.vdx,18,2239256,95290,0x25,0x77,24885,7,3
tripro.vdx,19,2264149,120183,0x25,0x77,28091,7,3
tripro.vdx,20,2292248,148282,0x25,0x77,29377,7,3
tripro.vdx,21,2321633,177667,0x25,0x77,30123,7,3
tripro.vdx,22,2351764,207798,0x25,0x77,30664,7,3
tripro.vdx,23,2382436,238470,0x25,0x77,30198,7,3
tripro.vdx,24,2412642,268676,0x25,0x77,29871,7,3
tripro.vdx,25,2442521,298555,0x25,0x77,28828,7,3
tripro.vdx,26,2471357,327391,0x25,0x77,27693,7,3
tripro.vdx,27,2499058,355092,0x25,0x77,25957,7,3
tripro.vdx,28,2525023,381057,0x25,0x77,25123,7,3
tripro.vdx,29,2550154,406188,0x25,0x77,23807,7,3
tripro.vdx,30,2573969,430003,0x25,0x77,23628,7,3
tripro.vdx,31,2597605,453639,0x25,0x77,23122,7,3
tripro.vdx,32,2620735,476769,0x25,0x77,22322,7,3
tripro.vdx,33,2643065,499099,0x25,0x77,20717,7,3
tripro.vdx,34,2663790,519824,0x25,0x77,19564,7,3
tripro.vdx,35,2683362,539396,0x25,0x77,22314,7,3
tripro.vdx,36,2705684,561718,0x00,0x67,0,0,0
tripro.vdx,37,2705692,561726,0x00,0x67,0,0,0
tripro.vdx,38,2705700,561734,0x00,0x67,0,0,0
tripro.vdx,39,2705708,561742,0x00,0x67,0,0,0
tripro.vdx,40,2705716,561750,0x00,0x67,0,0,0
tripro.vdx,41,2705724,561758,0x00,0x67,0,0,0
tripro.vdx,42,2705732,561766,0x00,0x67,0,0,0
tripro.vdx,43,2705740,561774,0x00,0x67,0,0,0
tripro.vdx,44,2705748,561782,0x00,0x67,0,0,0
tripro.vdx,45,2705756,561790,0x00,0x67,0,0,0
tripro.vdx,46,2705764,561798,0x00,0x67,0,0,0
tripro.vdx,47,2705772,561806,0x00,0x67,0,0,0
tripro.vdx,48,2705780,561814,0x00,0x67,0,0,0
tripro.vdx,49,2705788,561822,0x00,0x67,0,0,0
tripro.vdx,50,2705796,561830,0x00,0x67,0,0,0
tripro.vdx,51,2705804,561838,0x25,0x77,6841,15,4
tripro.vdx,52,2712653,568687,0x25,0x77,7414,15,4
tripro.vdx,53,2720075,576109,0x25,0x77,10435,7,3
tripro.vdx,54,2730518,586552,0x25,0x77,16081,7,3
tripro.vdx,55,2746607,602641,0x25,0x77,19339,7,3
tripro.vdx,56,2765954,621988,0x25,0x77,18566,7,3
tripro.vdx,57,2784528,640562,0x25,0x77,15589,7,3
tripro.vdx,58,2800125,656159,0x25,0x77,10330,7,3
tripro.vdx,59,2810463,666497,0x25,0x77,5052,15,4
tripro.vdx,60,2815523,671557,0x25,0x77,3115,15,4
tripro.vdx,61,2818646,674680,0x00,0x67,0,0,0
tripro.vdx,62,2818654,674688,0x00,0x67,0,0,0
tripro.vdx,63,2818662,674696,0x00,0x67,0,0,0
tripro.vdx,64,2818670,674704,0x00,0x67,0,0,0
tripro.vdx,65,2818678,674712,0x00,0x67,0,0,0
tripro.vdx,66,2818686,674720,0x00,0x67,0,0,0
tripro.vdx,67,2818694,674728,0x00,0x67,0,0,0
tripro.vdx,68,2818702,674736,0x00,0x67,0,0,0
tripro.vdx,69,2818710,674744,0x00,0x67,0,0,0
tripro.vdx,70,2818718,674752,0x00,0x67,0,0,0
tripro.vdx,71,2818726,674760,0x00,0x67,0,0,0
tripro.vdx,72,2818734,674768,0x00,0x67,0,0,0
tripro.vdx,73,2818742,674776,0x00,0x67,0,0,0
tripro.vdx,74,2818750,674784,0x00,0x67,0,0,0
tripro.vdx,75,2818758,674792,0x00,0x67,0,0,0
tripro.vdx,76,2818766,674800,0x00,0x67,0,0,0
tripro.vdx,77,2818774,674808,0x00,0x67,0,0,0
tripro.vdx,78,2818782,674816,0x00,0x67,0,0,0
tripro.vdx,79,2818790,674824,0x00,0x67,0,0,0
tripro.vdx,80,2818798,674832,0x00,0x67,0,0,0
tripro.vdx,81,2818806,674840,0x00,0x67,0,0,0
tripro.vdx,82,2818814,674848,0x00,0x67,0,0,0
tripro.vdx,83,2818822,674856,0x00,0x67,0,0,0
tripro.vdx,84,2818830,674864,0x00,0x67,0,0,0
tripro.vdx,85,2818838,674872,0x00,0x67,0,0,0
tripro.vdx,86,2818846,674880,0x00,0x67,0,0,0
tripro.vdx,87,2818854,674888,0x00,0x67,0,0,0
tripro.vdx,88,2818862,674896,0x00,0x67,0,0,0
tripro.vdx,89,2818870,674904,0x00,0x67,0,0,0
tripro.vdx,90,2818878,674912,0x00,0x67,0,0,0
tripro.vdx,91,2818886,674920,0x00,0x67,0,0,0
tripro.vdx,92,2818894,674928,0x00,0x67,0,0,0
tripro.vdx,93,2818902,674936,0x00,0x67,0,0,0
tripro.vdx,94,2818910,674944,0x00,0x67,0,0,0
tripro.vdx,95,2818918,674952,0x00,0x67,0,0,0
tripro.vdx,96,2818926,674960,0x00,0x67,0,0,0
tripro.vdx,97,2818934,674968,0x00,0x67,0,0,0
tripro.vdx,98,2818942,674976,0x00,0x67,0,0,0
tripro.vdx,99,2818950,674984,0x00,0x67,0,0,0
vlogo.vdx,0,2818967,8,0x20,0x77,2453,127,7
vlogo.vdx,1,2821428,2469,0x25,0x77,705,63,6
vlogo.vdx,2,2822141,3182,0x25,0x77,1288,31,5
vlogo.vdx,3,2823437,4478,0x25,0x77,1753,31,5
vlogo.vdx,4,2825198,6239,0x25,0x77,2184,31,5
vlogo.vdx,5,2827390,8431,0x25,0x77,2267,31,5
vlogo.vdx,6,2829665,10706,0x25,0x77,2339,31,5
vlogo.vdx,7,2832012,13053,0x25,0x77,3288,31,5
vlogo.vdx,8,2835308,16349,0x25,0x77,4112,31,5
vlogo.vdx,9,2839428,20469,0x25,0x77,4679,15,4
vlogo.vdx,10,2844115,25156,0x25,0x77,5726,15,4
vlogo.vdx,11,2849849,30890,0x25,0x77,6613,15,4
vlogo.vdx,12,2856470,37511,0x25,0x77,7332,15,4
vlogo.vdx,13,2863810,44851,0x25,0x77,7770,15,4
vlogo.vdx,14,2871588,52629,0x25,0x77,7812,15,4
vlogo.vdx,15,2879408,60449,0x25,0x77,7900,7,3
vlogo.vdx,16,2887316,68357,0x25,0x77,7918,7,3
vlogo.vdx,17,2895242,76283,0x25,0x77,7559,7,3
vlogo.vdx,18,2902809,83850,0x25,0x77,7433,15,4
vlogo.vdx,19,2910250,91291,0x25,0x77,7421,7,3
vlogo.vdx,20,2917679,98720,0x25,0x77,7186,7,3
vlogo.vdx,21,2924873,105914,0x25,0x77,7276,7,3
vlogo.vdx,22,2932157,113198,0x25,0x77,7267,7,3
vlogo.vdx,23,2939432,120473,0x25,0x77,7186,7,3
vlogo.vdx,24,2946626,127667,0x25,0x77,7138,7,3
vlogo.vdx,25,2953772,134813,0x25,0x77,7189,7,3
vlogo.vdx,26,2960969,142010,0x25,0x77,7249,7,3
vlogo.vdx,27,2968226,149267,0x25,0x77,7266,7,3
vlogo.vdx,28,2975500,156541,0x25,0x77,7104,7,3
vlogo.vdx,29,2982612,163653,0x25,0x77,7128,15,4
vlogo.vdx,30,2989748,170789,0x25,0x77,7249,7,3
vlogo.vdx,31,2997005,178046,0x25,0x77,7182,15,4
vlogo.vdx,32,3004195,185236,0x25,0x77,7138,15,4
vlogo.vdx,33,3011341,192382,0x25,0x77,7202,15,4
vlogo.vdx,34,3018551,199592,0x25,0x77,7348,15,4
vlogo.vdx,35,3025907,206948,0x25,0x77,8570,7,3
vlogo.vdx,36,3034485,215526,0x25,0x77,9602,15,4
vlogo.vdx,37,3044095,225136,0x25,0x77,9524,15,4
vlogo.vdx,38,3053627,234668,0x25,0x77,9461,15,4
vlogo.vdx,39,3063096,244137,0x25,0x77,10406,15,4
vlogo.vdx,40,3073510,254551,0x25,0x77,11884,7,3
vlogo.vdx,41,3085402,266443,0x25,0x77,11877,7,3
vlogo.vdx,42,3097287,278328,0x25,0x77,11578,7,3
vlogo.vdx,43,3108873,289914,0x25,0x77,10779,7,3
vlogo.vdx,44,3119660,300701,0x25,0x77,10431,7,3
vlogo.vdx,45,3130099,311140,0x25,0x77,9990,7,3
vlogo.vdx,46,3140097,321138,0x25,0x77,9475,7,3
vlogo.vdx,47,3149580,330621,0x25,0x77,8946,15,4
vlogo.vdx,48,3158534,339575,0x25,0x77,8754,15,4
vlogo.vdx,49,3167296,348337,0x25,0x77,8078,15,4
vlogo.vdx,50,3175382,356423,0x25,0x77,7942,15,4
vlogo.vdx,51,3183332,364373,0x25,0x77,7903,15,4
vlogo.vdx,52,3191243,372284,0x25,0x77,7876,15,4
vlogo.vdx,53,3199127,380168,0x25,0x77,8305,15,4
vlogo.vdx,54,3207440,388481,0x25,0x77,8946,15,4
vlogo.vdx,55,3216394,397435,0x25,0x77,9371,15,4
vlogo.vdx,56,3225773,406814,0x25,0x77,9634,15,4
vlogo.vdx,57,3235415,416456,0x25,0x77,9443,15,4
vlogo.vdx,58,3244866,425907,0x25,0x77,9479,15,4
vlogo.vdx,59,3254353,435394,0x25,0x77,23297,7,3
credits.vdx,0,3277667,8,0x20,0x77,2030,127,7
credits.vdx,1,3279705,2046,0x00,0x67,0,0,0
credits.vdx,2,3279713,2054,0x00,0x67,0,0,0
credits.vdx,3,3279721,2062,0x00,0x67,0,0,0
credits.vdx,4,3279729,2070,0x00,0x67,0,0,0
credits.vdx,5,3279737,2078,0x00,0x67,0,0,0
credits.vdx,6,3279745,2086,0x00,0x67,0,0,0
credits.vdx,7,3279753,2094,0x00,0x67,0,0,0
credits.vdx,8,3279761,2102,0x25,0x77,210,127,7
credits.vdx,9,3279979,2320,0x25,0x77,1855,31,5
credits.vdx,10,3281842,4183,0x25,0x77,3267,15,4
credits.vdx,11,3285117,7458,0x25,0x77,3302,15,4
credits.vdx,12,3288427,10768,0x25,0x77,4384,15,4
credits.vdx,13,3292819,15160,0x25,0x77,4155,15,4
credits.vdx,14,3296982,19323,0x25,0x77,2959,15,4
credits.vdx,15,3299949,22290,0x25,0x77,2501,15,4
credits.vdx,16,3302458,24799,0x25,0x77,2830,15,4
credits.vdx,17,3305296,27637,0x25,0x77,2325,31,5
credits.vdx,18,3307629,29970,0x25,0x77,990,31,5
credits.vdx,19,3308627,30968,0x25,0x77,77,127,7
credits.vdx,20,3308712,31053,0x00,0x67,0,0,0
credits.vdx,21,3308720,31061,0x00,0x67,0,0,0
credits.vdx,22,3308728,31069,0x00,0x67,0,0,0
credits.vdx,23,3308736,31077,0x00,0x67,0,0,0
credits.vdx,24,3308744,31085,0x00,0x67,0,0,0
credits.vdx,25,3308752,31093,0x00,0x67,0,0,0
credits.vdx,26,3308760,31101,0x00,0x67,0,0,0
credits.vdx,27,3308768,31109,0x00,0x67,0,0,0
credits.vdx,28,3308776,31117,0x00,0x67,0,0,0
credits.vdx,29,3308784,31125,0x00,0x67,0,0,0
credits.vdx,30,3308792,31133,0x00,0x67,0,0,0
credits.vdx,31,3308800,31141,0x00,0x67,0,0,0
credits.vdx,32,3308808,31149,0x00,0x67,0,0,0
credits.vdx,33,3308816,31157,0x00,0x67,0,0,0
credits.vdx,34,3308824,31165,0x00,0x67,0,0,0
credits.vdx,35,3308832,31173,0x00,0x67,0,0,0
credits.vdx,36,3308840,31181,0x00,0x67,0,0,0
credits.vdx,37,3308848,31189,0x00,0x67,0,0,0
credits.vdx,38,3308856,31197,0x00,0x67,0,0,0
credits.vdx,39,3308864,31205,0x00,0x67,0,0,0
credits.vdx,40,3308872,31213,0x25,0x77,126,127,7
credits.vdx,41,3309006,31347,0x25,0x77,1995,31,5
credits.vdx,42,3311009,33350,0x25,0x77,4680,15,4
credits.vdx,43,3315697,38038,0x25,0x77,6165,7,3
credits.vdx,44,3321870,44211,0x25,0x77,5677,7,3
credits.vdx,45,3327555,49896,0x25,0x77,5010,7,3
credits.vdx,46,3332573,54914,0x25,0x77,3805,15,4
credits.vdx,47,3336386,58727,0x25,0x77,2713,31,5
credits.vdx,48,3339107,61448,0x25,0x77,586,63,6
credits.vdx,49,3339701,62042,0x00,0x67,0,0,0
credits.vdx,50,3339709,62050,0x00,0x67,0,0,0
credits.vdx,51,3339717,62058,0x00,0x67,0,0,0
credits.vdx,52,3339725,62066,0x00,0x67,0,0,0
credits.vdx,53,3339733,62074,0x00,0x67,0,0,0
credits.vdx,54,3339741,62082,0x00,0x67,0,0,0
credits.vdx,55,3339749,62090,0x00,0x67,0,0,0
credits.vdx,56,3339757,62098,0x00,0x67,0,0,0
credits.vdx,57,3339765,62106,0x00,0x67,0,0,0
credits.vdx,58,3339773,62114,0x00,0x67,0,0,0
credits.vdx,59,3339781,62122,0x00,0x67,0,0,0
credits.vdx,60,3339789,62130,0x00,0x67,0,0,0
credits.vdx,61,3339797,62138,0x00,0x67,0,0,0
credits.vdx,62,3339805,62146,0x00,0x67,0,0,0
credits.vdx,63,3339813,62154,0x00,0x67,0,0,0
credits.vdx,64,3339821,62162,0x00,0x67,0,0,0
credits.vdx,65,3339829,62170,0x00,0x67,0,0,0
credits.vdx,66,3339837,62178,0x00,0x67,0,0,0
credits.vdx,67,3339845,62186,0x00,0x67,0,0,0
credits.vdx,68,3339853,62194,0x00,0x67,0,0,0
credits.vdx,69,3339861,62202,0x25,0x77,120,127,7
credits.vdx,70,3339989,62330,0x25,0x77,1717,31,5
credits.vdx,71,3341714,64055,0x25,0x77,2705,15,4
credits.vdx,72,3344427,66768,0x25,0x77,4422,15,4
credits.vdx,73,3348857,71198,0x25,0x77,5080,15,4
credits.vdx,74,3353945,76286,0x25,0x77,5515,15,4
credits.vdx,75,3359468,81809,0x25,0x77,6001,15,4
credits.vdx,76,3365477,87818,0x25,0x77,3690,15,4
credits.vdx,77,3369175,91516,0x25,0x77,817,31,5
credits.vdx,78,3370000,92341,0x00,0x67,0,0,0
credits.vdx,79,3370008,92349,0x00,0x67,0,0,0
credits.vdx,80,3370016,92357,0x00,0x67,0,0,0
credits.vdx,81,3370024,92365,0x00,0x67,0,0,0
credits.vdx,82,3370032,92373,0x00,0x67,0,0,0
credits.vdx,83,3370040,92381,0x00,0x67,0,0,0
credits.vdx,84,3370048,92389,0x00,0x67,0,0,0
credits.vdx,85,3370056,92397,0x00,0x67,0,0,0
credits.vdx,86,3370064,92405,0x00,0x67,0,0,0
credits.vdx,87,3370072,92413,0x00,0x67,0,0,0
credits.vdx,88,3370080,92421,0x00,0x67,0,0,0
credits.vdx,89,3370088,92429,0x00,0x67,0,0,0
credits.vdx,90,3370096,92437,0x00,0x67,0,0,0
credits.vdx,91,3370104,92445,0x00,0x67,0,0,0
credits.vdx,92,3370112,92453,0x00,0x67,0,0,0
credits.vdx,93,3370120,92461,0x00,0x67,0,0,0
credits.vdx,94,3370128,92469,0x00,0x67,0,0,0
credits.vdx,95,3370136,92477,0x00,0x67,0,0,0
credits.vdx,96,3370144,92485,0x00,0x67,0,0,0
credits.vdx,97,3370152,92493,0x00,0x67,0,0,0
credits.vdx,98,3370160,92501,0x25,0x77,34,127,7
credits.vdx,99,3370202,92543,0x25,0x77,1237,31,5
credits.vdx,100,3371447,93788,0x25,0x77,3569,15,4
credits.vdx,101,3375024,97365,0x25,0x77,3888,15,4
credits.vdx,102,3378920,101261,0x25,0x77,4087,15,4
credits.vdx,103,3383015,105356,0x25,0x77,4635,15,4
credits.vdx,104,3387658,109999,0x25,0x77,4265,15,4
credits.vdx,105,3391931,114272,0x25,0x77,2559,15,4
credits.vdx,106,3394498,116839,0x25,0x77,378,127,7
credits.vdx,107,3394884,117225,0x00,0x67,0,0,0
credits.vdx,108,3394892,117233,0x00,0x67,0,0,0
credits.vdx,109,3394900,117241,0x00,0x67,0,0,0
credits.vdx,110,3394908,117249,0x00,0x67,0,0,0
credits.vdx,111,3394916,117257,0x00,0x67,0,0,0
credits.vdx,112,3394924,117265,0x00,0x67,0,0,0
credits.vdx,113,3394932,117273,0x00,0x67,0,0,0
credits.vdx,114,3394940,117281,0x00,0x67,0,0,0
credits.vdx,115,3394948,117289,0x00,0x67,0,0,0
credits.vdx,116,3394956,117297,0x00,0x67,0,0,0
credits.vdx,117,3394964,117305,0x00,0x67,0,0,0
credits.vdx,118,3394972,117313,0x00,0x67,0,0,0
credits.vdx,119,3394980,117321,0x00,0x67,0,0,0
credits.vdx,120,3394988,117329,0x00,0x67,0,0,0
credits.vdx,121,3394996,117337,0x00,0x67,0,0,0
credits.vdx,122,3395004,117345,0x00,0x67,0,0,0
credits.vdx,123,3395012,117353,0x00,0x67,0,0,0
credits.vdx,124,3395020,117361,0x00,0x67,0,0,0
credits.vdx,125,3395028,117369,0x00,0x67,0,0,0
credits.vdx,126,3395036,117377,0x00,0x67,0,0,0
credits.vdx,127,3395044,117385,0x25,0x77,20,127,7
credits.vdx,128,3395072,117413,0x25,0x77,526,63,6
credits.vdx,129,3395606,117947,0x25,0x77,2123,31,5
credits.vdx,130,3397737,120078,0x25,0x77,3426,15,4
credits.vdx,131,3401171,123512,0x25,0x77,5712,7,3
credits.vdx,132,3406891,129232,0x25,0x77,5444,15,4
credits.vdx,133,3412343,134684,0x25,0x77,5656,15,4
credits.vdx,134,3418007,140348,0x25,0x77,2507,31,5
credits.vdx,135,3420522,142863,0x25,0x77,690,63,6
credits.vdx,136,3421220,143561,0x00,0x67,0,0,0
credits.vdx,137,3421228,143569,0x00,0x67,0,0,0
credits.vdx,138,3421236,143577,0x00,0x67,0,0,0
credits.vdx,139,3421244,143585,0x00,0x67,0,0,0
credits.vdx,140,3421252,143593,0x00,0x67,0,0,0
credits.vdx,141,3421260,143601,0x00,0x67,0,0,0
credits.vdx,142,3421268,143609,0x00,0x67,0,0,0
credits.vdx,143,3421276,143617,0x00,0x67,0,0,0
credits.vdx,144,3421284,143625,0x00,0x67,0,0,0
credits.vdx,145,3421292,143633,0x00,0x67,0,0,0
credits.vdx,146,3421300,143641,0x00,0x67,0,0,0
credits.vdx,147,3421308,143649,0x00,0x67,0,0,0
credits.vdx,148,3421316,143657,0x00,0x67,0,0,0
credits.vdx,149,3421324,143665,0x00,0x67,0,0,0
credits.vdx,150,3421332,143673,0x00,0x67,0,0,0
credits.vdx,151,3421340,143681,0x00,0x67,0,0,0
credits.vdx,152,3421348,143689,0x00,0x67,0,0,0
credits.vdx,153,3421356,143697,0x00,0x67,0,0,0
credits.vdx,154,3421364,143705,0x00,0x67,0,0,0
credits.vdx,155,3421372,143713,0x00,0x67,0,0,0
credits.vdx,156,3421380,143721,0x25,0x77,213,63,6
credits.vdx,157,3421601,143942,0x25,0x77,1737,31,5
credits.vdx,158,3423346,145687,0x25,0x77,4198,15,4
credits.vdx,159,3427552,149893,0x25,0x77,5410,15,4
credits.vdx,160,3432970,155311,0x25,0x77,6645,7,3
credits.vdx,161,3439623,161964,0x25,0x77,6335,15,4
credits.vdx,162,3445966,168307,0x25,0x77,5425,15,4
credits.vdx,163,3451399,173740,0x25,0x77,3151,31,5
credits.vdx,164,3454558,176899,0x25,0x77,759,63,6
credits.vdx,165,3455325,177666,0x00,0x67,0,0,0
credits.vdx,166,3455333,177674,0x00,0x67,0,0,0
credits.vdx,167,3455341,177682,0x00,0x67,0,0,0
credits.vdx,168,3455349,177690,0x00,0x67,0,0,0
credits.vdx,169,3455357,177698,0x00,0x67,0,0,0
credits.vdx,170,3455365,177706,0x00,0x67,0,0,0
credits.vdx,171,3455373,177714,0x00,0x67,0,0,0
credits.vdx,172,3455381,177722,0x00,0x67,0,0,0
credits.vdx,173,3455389,177730,0x00,0x67,0,0,0
credits.vdx,174,3455397,177738,0x00,0x67,0,0,0
credits.vdx,175,3455405,177746,0x00,0x67,0,0,0
credits.vdx,176,3455413,177754,0x00,0x67,0,0,0
credits.vdx,177,3455421,177762,0x00,0x67,0,0,0
credits.vdx,178,3455429,177770,0x00,0x67,0,0,0
credits.vdx,179,3455437,177778,0x00,0x67,0,0,0
credits.vdx,180,3455445,177786,0x00,0x67,0,0,0
credits.vdx,181,3455453,177794,0x00,0x67,0,0,0
credits.vdx,182,3455461,177802,0x00,0x67,0,0,0
credits.vdx,183,3455469,177810,0x00,0x67,0,0,0
credits.vdx,184,3455477,177818,0x00,0x67,0,0,0
credits.vdx,185,3455485,177826,0x25,0x77,121,127,7
credits.vdx,186,3455614,177955,0x25,0x77,961,63,6
credits.vdx,187,3456583,178924,0x25,0x77,3499,15,4
credits.vdx,188,3460090,182431,0x25,0x77,6577,7,3
credits.vdx,189,3466675,189016,0x25,0x77,6621,15,4
credits.vdx,190,3473304,195645,0x25,0x77,6381,15,4
credits.vdx,191,3479693,202034,0x25,0x77,4789,15,4
credits.vdx,192,3484490,206831,0x25,0x77,5293,15,4
credits.vdx,193,3489791,212132,0x25,0x77,1195,31,5
credits.vdx,194,3490994,213335,0x00,0x67,0,0,0
credits.vdx,195,3491002,213343,0x00,0x67,0,0,0
credits.vdx,196,3491010,213351,0x00,0x67,0,0,0
credits.vdx,197,3491018,213359,0x00,0x67,0,0,0
credits.vdx,198,3491026,213367,0x00,0x67,0,0,0
credits.vdx,199,3491034,213375,0x00,0x67,0,0,0
credits.vdx,200,3491042,213383,0x00,0x67,0,0,0
credits.vdx,201,3491050,213391,0x00,0x67,0,0,0
credits.vdx,202,3491058,213399,0x00,0x67,0,0,0
credits.vdx,203,3491066,213407,0x00,0x67,0,0,0
credits.vdx,204,3491074,213415,0x00,0x67,0,0,0
credits.vdx,205,3491082,213423,0x00,0x67,0,0,0
credits.vdx,206,3491090,213431,0x00,0x67,0,0,0
credits.vdx,207,3491098,213439,0x00,0x67,0,0,0
credits.vdx,208,3491106,213447,0x00,0x67,0,0,0
credits.vdx,209,3491114,213455,0x00,0x67,0,0,0
credits.vdx,210,3491122,213463,0x00,0x67,0,0,0
credits.vdx,211,3491130,213471,0x00,0x67,0,0,0
credits.vdx,212,3491138,213479,0x00,0x67,0,0,0
credits.vdx,213,3491146,213487,0x00,0x67,0,0,0
credits.vdx,214,3491154,213495,0x00,0x67,0,0,0
credits.vdx,215,3491162,213503,0x25,0x77,878,31,5
credits.vdx,216,3492048,214389,0x25,0x77,2104,31,5
credits.vdx,217,3494160,216501,0x25,0x77,3601,15,4
credits.vdx,218,3497769,220110,0x25,0x77,6026,15,4
credits.vdx,219,3503803,226144,0x25,0x77,5717,15,4
credits.vdx,220,3509528,231869,0x25,0x77,3364,15,4
credits.vdx,221,3512900,235241,0x25,0x77,2918,15,4
credits.vdx,222,3515826,238167,0x25,0x77,743,31,5
credits.vdx,223,3516577,238918,0x00,0x67,0,0,0
credits.vdx,224,3516585,238926,0x00,0x67,0,0,0
credits.vdx,225,3516593,238934,0x00,0x67,0,0,0
credits.vdx,226,3516601,238942,0x00,0x67,0,0,0
credits.vdx,227,3516609,238950,0x00,0x67,0,0,0
credits.vdx,228,3516617,238958,0x00,0x67,0,0,0
credits.vdx,229,3516625,238966,0x00,0x67,0,0,0
credits.vdx,230,3516633,238974,0x00,0x67,0,0,0
credits.vdx,231,3516641,238982,0x00,0x67,0,0,0
credits.vdx,232,3516649,238990,0x00,0x67,0,0,0
credits.vdx,233,3516657,238998,0x00,0x67,0,0,0
credits.vdx,234,3516665,239006,0x00,0x67,0,0,0
credits.vdx,235,3516673,239014,0x00,0x67,0,0,0
credits.vdx,236,3516681,239022,0x00,0x67,0,0,0
credits.vdx,237,3516689,239030,0x00,0x67,0,0,0
credits.vdx,238,3516697,239038,0x00,0x67,0,0,0
credits.vdx,239,3516705,239046,0x00,0x67,0,0,0
credits.vdx,240,3516713,239054,0x00,0x67,0,0,0
credits.vdx,241,3516721,239062,0x00,0x67,0,0,0
credits.vdx,242,3516729,239070,0x25,0x77,1744,15,4
credits.vdx,243,3518481,240822,0x25,0x77,4466,15,4
credits.vdx,244,3522955,245296,0x25,0x77,6578,7,3
credits.vdx,245,3529541,251882,0x25,0x77,6468,15,4
credits.vdx,246,3536017,258358,0x25,0x77,5686,15,4
credits.vdx,247,3541711,264052,0x25,0x77,5390,15,4
credits.vdx,248,3547109,269450,0x25,0x77,6942,7,3
credits.vdx,249,3554059,276400,0x25,0x77,4957,15,4
credits.vdx,250,3559024,281365,0x25,0x77,4254,15,4
credits.vdx,251,3563286,285627,0x25,0x77,640,31,5
credits.vdx,252,3563934,286275,0x00,0x67,0,0,0
credits.vdx,253,3563942,286283,0x00,0x67,0,0,0
credits.vdx,254,3563950,286291,0x00,0x67,0,0,0
credits.vdx,255,3563958,286299,0x00,0x67,0,0,0
credits.vdx,256,3563966,286307,0x00,0x67,0,0,0
credits.vdx,257,3563974,286315,0x00,0x67,0,0,0
credits.vdx,258,3563982,286323,0x00,0x67,0,0,0
credits.vdx,259,3563990,286331,0x00,0x67,0,0,0
credits.vdx,260,3563998,286339,0x00,0x67,0,0,0
credits.vdx,261,3564006,286347,0x00,0x67,0,0,0
credits.vdx,262,3564014,286355,0x00,0x67,0,0,0
credits.vdx,263,3564022,286363,0x00,0x67,0,0,0
credits.vdx,264,3564030,286371,0x00,0x67,0,0,0
credits.vdx,265,3564038,286379,0x00,0x67,0,0,0
credits.vdx,266,3564046,286387,0x00,0x67,0,0,0
credits.vdx,267,3564054,286395,0x00,0x67,0,0,0
credits.vdx,268,3564062,286403,0x00,0x67,0,0,0
credits.vdx,269,3564070,286411,0x00,0x67,0,0,0
credits.vdx,270,3564078,286419,0x00,0x67,0,0,0
credits.vdx,271,3564086,286427,0x25,0x77,428,63,6
credits.vdx,272,3564522,286863,0x25,0x77,774,31,5
credits.vdx,273,3565304,287645,0x25,0x77,1659,31,5
credits.vdx,274,3566971,289312,0x25,0x77,2308,15,4
credits.vdx,275,3569287,291628,0x25,0x77,4913,15,4
credits.vdx,276,3574208,296549,0x25,0x77,6169,7,3
credits.vdx,277,3580385,302726,0x25,0x77,5237,15,4
credits.vdx,278,3585630,307971,0x25,0x77,5802,15,4
credits.vdx,279,3591440,313781,0x25,0x77,3198,15,4
credits.vdx,280,3594646,316987,0x25,0x77,747,31,5
credits.vdx,281,3595401,317742,0x00,0x67,0,0,0
credits.vdx,282,3595409,317750,0x00,0x67,0,0,0
credits.vdx,283,3595417,317758,0x00,0x67,0,0,0
credits.vdx,284,3595425,317766,0x00,0x67,0,0,0
credits.vdx,285,3595433,317774,0x00,0x67,0,0,0
credits.vdx,286,3595441,317782,0x00,0x67,0,0,0
credits.vdx,287,3595449,317790,0x00,0x67,0,0,0
credits.vdx,288,3595457,317798,0x00,0x67,0,0,0
credits.vdx,289,3595465,317806,0x00,0x67,0,0,0
credits.vdx,290,3595473,317814,0x00,0x67,0,0,0
credits.vdx,291,3595481,317822,0x00,0x67,0,0,0
credits.vdx,292,3595489,317830,0x00,0x67,0,0,0
credits.vdx,293,3595497,317838,0x00,0x67,0,0,0
credits.vdx,294,3595505,317846,0x00,0x67,0,0,0
credits.vdx,295,3595513,317854,0x00,0x67,0,0,0
credits.vdx,296,3595521,317862,0x00,0x67,0,0,0
credits.vdx,297,3595529,317870,0x00,0x67,0,0,0
credits.vdx,298,3595537,317878,0x00,0x67,0,0,0
credits.vdx,299,3595545,317886,0x00,0x67,0,0,0
credits.vdx,300,3595553,317894,0x00,0x67,0,0,0
credits.vdx,301,3595561,317902,0x25,0x77,326,63,6
credits.vdx,302,3595895,318236,0x25,0x77,1716,31,5
credits.vdx,303,3597619,319960,0x25,0x77,2816,15,4
credits.vdx,304,3600443,322784,0x25,0x77,4837,15,4
credits.vdx,305,3605288,327629,0x25,0x77,5669,15,4
credits.vdx,306,3610965,333306,0x25,0x77,6209,15,4
credits.vdx,307,3617182,339523,0x25,0x77,4208,15,4
credits.vdx,308,3621398,343739,0x25,0x77,4493,15,4
credits.vdx,309,3625899,348240,0x25,0x77,885,31,5
credits.vdx,310,3626792,349133,0x00,0x67,0,0,0
credits.vdx,311,3626800,349141,0x00,0x67,0,0,0
credits.vdx,312,3626808,349149,0x00,0x67,0,0,0
credits.vdx,313,3626816,349157,0x00,0x67,0,0,0
credits.vdx,314,3626824,349165,0x00,0x67,0,0,0
credits.vdx,315,3626832,349173,0x00,0x67,0,0,0
credits.vdx,316,3626840,349181,0x00,0x67,0,0,0
credits.vdx,317,3626848,349189,0x00,0x67,0,0,0
credits.vdx,318,3626856,349197,0x00,0x67,0,0,0
credits.vdx,319,3626864,349205,0x00,0x67,0,0,0
credits.vdx,320,3626872,349213,0x00,0x67,0,0,0
credits.vdx,321,3626880,349221,0x00,0x67,0,0,0
credits.vdx,322,3626888,349229,0x00,0x67,0,0,0
credits.vdx,323,3626896,349237,0x00,0x67,0,0,0
credits.vdx,324,3626904,349245,0x00,0x67,0,0,0
credits.vdx,325,3626912,349253,0x00,0x67,0,0,0
credits.vdx,326,3626920,349261,0x00,0x67,0,0,0
credits.vdx,327,3626928,349269,0x00,0x67,0,0,0
credits.vdx,328,3626936,349277,0x00,0x67,0,0,0
credits.vdx,329,3626944,349285,0x00,0x67,0,0,0
credits.vdx,330,3626952,349293,0x25,0x77,196,63,6
credits.vdx,331,3627156,349497,0x25,0x77,743,31,5
credits.vdx,332,3627907,350248,0x25,0x77,957,31,5
credits.vdx,333,3628872,351213,0x25,0x77,1188,15,4
credits.vdx,334,3630068,352409,0x25,0x77,2808,31,5
credits.vdx,335,3632884,355225,0x25,0x77,4462,15,4
credits.vdx,336,3637354,359695,0x25,0x77,4916,15,4
credits.vdx,337,3642278,364619,0x25,0x77,4066,15,4
credits.vdx,338,3646352,368693,0x25,0x77,791,31,5
credits.vdx,339,3647151,369492,0x00,0x67,0,0,0
credits.vdx,340,3647159,369500,0x00,0x67,0,0,0
credits.vdx,341,3647167,369508,0x00,0x67,0,0,0
credits.vdx,342,3647175,369516,0x00,0x67,0,0,0
credits.vdx,343,3647183,369524,0x00,0x67,0,0,0
credits.vdx,344,3647191,369532,0x00,0x67,0,0,0
credits.vdx,345,3647199,369540,0x00,0x67,0,0,0
credits.vdx,346,3647207,369548,0x00,0x67,0,0,0
credits.vdx,347,3647215,369556,0x00,0x67,0,0,0
credits.vdx,348,3647223,369564,0x00,0x67,0,0,0
credits.vdx,349,3647231,369572,0x00,0x67,0,0,0
credits.vdx,350,3647239,369580,0x00,0x67,0,0,0
credits.vdx,351,3647247,369588,0x00,0x67,0,0,0
credits.vdx,352,3647255,369596,0x00,0x67,0,0,0
credits.vdx,353,3647263,369604,0x00,0x67,0,0,0
credits.vdx,354,3647271,369612,0x00,0x67,0,0,0
credits.vdx,355,3647279,369620,0x00,0x67,0,0,0
credits.vdx,356,3647287,369628,0x00,0x67,0,0,0
credits.vdx,357,3647295,369636,0x00,0x67,0,0,0
credits.vdx,358,3647303,369644,0x00,0x67,0,0,0
credits.vdx,359,3647311,369652,0x00,0x67,0,0,0
credits.vdx,360,3647319,369660,0x25,0x77,250,63,6
credits.vdx,361,3647577,369918,0x25,0x77,270,63,6
credits.vdx,362,3647855,370196,0x25,0x77,301,63,6
credits.vdx,363,3648164,370505,0x25,0x77,148,127,7
credits.vdx,364,3648320,370661,0x25,0x77,41,127,7
credits.vdx,365,3648369,370710,0x25,0x77,43,127,7
credits.vdx,366,3648420,370761,0x25,0x77,27,127,7
credits.vdx,367,3648455,370796,0x00,0x67,0,0,0
credits.vdx,368,3648463,370804,0x00,0x67,0,0,0
credits.vdx,369,3648471,370812,0x00,0x67,0,0,0
credits.vdx,370,3648479,370820,0x00,0x67,0,0,0
credits.vdx,371,3648487,370828,0x00,0x67,0,0,0
credits.vdx,372,3648495,370836,0x00,0x67,0,0,0
credits.vdx,373,3648503,370844,0x00,0x67,0,0,0
credits.vdx,374,3648511,370852,0x00,0x67,0,0,0
credits.vdx,375,3648519,370860,0x00,0x67,0,0,0
credits.vdx,376,3648527,370868,0x00,0x67,0,0,0
credits.vdx,377,3648535,370876,0x00,0x67,0,0,0
credits.vdx,378,3648543,370884,0x00,0x67,0,0,0
credits.vdx,379,3648551,370892,0x00,0x67,0,0,0
credits.vdx,380,3648559,370900,0x00,0x67,0,0,0
credits.vdx,381,3648567,370908,0x00,0x67,0,0,0
credits.vdx,382,3648575,370916,0x00,0x67,0,0,0
credits.vdx,383,3648583,370924,0x00,0x67,0,0,0
credits.vdx,384,3648591,370932,0x00,0x67,0,0,0
credits.vdx,385,3648599,370940,0x00,0x67,0,0,0
credits.vdx,386,3648607,370948,0x00,0x67,0,0,0
credits.vdx,387,3648615,370956,0x00,0x67,0,0,0
credits.vdx,388,3648623,370964,0x00,0x67,0,0,0
credits.vdx,389,3648631,370972,0x25,0x77,369,63,6
credits.vdx,390,3649008,371349,0x25,0x77,2323,31,5
credits.vdx,391,3651339,373680,0x25,0x77,4204,15,4
credits.vdx,392,3655551,377892,0x25,0x77,6367,7,3
credits.vdx,393,3661926,384267,0x25,0x77,6617,7,3
credits.vdx,394,3668551,390892,0x25,0x77,4320,15,4
credits.vdx,395,3672879,395220,0x25,0x77,3574,15,4
credits.vdx,396,3676461,398802,0x25,0x77,904,63,6
credits.vdx,397,3677373,399714,0x00,0x67,0,0,0
credits.vdx,398,3677381,399722,0x00,0x67,0,0,0
credits.vdx,399,3677389,399730,0x00,0x67,0,0,0
credits.vdx,400,3677397,399738,0x00,0x67,0,0,0
credits.vdx,401,3677405,399746,0x00,0x67,0,0,0
credits.vdx,402,3677413,399754,0x00,0x67,0,0,0
credits.vdx,403,3677421,399762,0x00,0x67,0,0,0
credits.vdx,404,3677429,399770,0x00,0x67,0,0,0
credits.vdx,405,3677437,399778,0x00,0x67,0,0,0
credits.vdx,406,3677445,399786,0x00,0x67,0,0,0
credits.vdx,407,3677453,399794,0x00,0x67,0,0,0
credits.vdx,408,3677461,399802,0x00,0x67,0,0,0
credits.vdx,409,3677469,399810,0x00,0x67,0,0,0
credits.vdx,410,3677477,399818,0x00,0x67,0,0,0
credits.vdx,411,3677485,399826,0x00,0x67,0,0,0
credits.vdx,412,3677493,399834,0x00,0x67,0,0,0
credits.vdx,413,3677501,399842,0x00,0x67,0,0,0
credits.vdx,414,3677509,399850,0x00,0x67,0,0,0
credits.vdx,415,3677517,399858,0x00,0x67,0,0,0
credits.vdx,416,3677525,399866,0x25,0x77,1007,31,5
credits.vdx,417,3678540,400881,0x25,0x77,1792,31,5
credits.vdx,418,3680340,402681,0x25,0x77,2874,15,4
credits.vdx,419,3683222,405563,0x25,0x77,3601,15,4
credits.vdx,420,3686831,409172,0x25,0x77,3666,15,4
credits.vdx,421,3690505,412846,0x25,0x77,4366,15,4
credits.vdx,422,3694879,417220,0x25,0x77,3777,15,4
credits.vdx,423,3698664,421005,0x25,0x77,2868,15,4
credits.vdx,424,3701540,423881,0x25,0x77,2181,31,5
credits.vdx,425,3703729,426070,0x25,0x77,339,127,7
credits.vdx,426,3704076,426417,0x00,0x67,0,0,0
credits.vdx,427,3704084,426425,0x00,0x67,0,0,0
credits.vdx,428,3704092,426433,0x00,0x67,0,0,0
credits.vdx,429,3704100,426441,0x00,0x67,0,0,0
credits.vdx,430,3704108,426449,0x00,0x67,0,0,0
credits.vdx,431,3704116,426457,0x00,0x67,0,0,0
credits.vdx,432,3704124,426465,0x00,0x67,0,0,0
credits.vdx,433,3704132,426473,0x00,0x67,0,0,0
credits.vdx,434,3704140,426481,0x00,0x67,0,0,0
credits.vdx,435,3704148,426489,0x00,0x67,0,0,0
credits.vdx,436,3704156,426497,0x00,0x67,0,0,0
credits.vdx,437,3704164,426505,0x00,0x67,0,0,0
credits.vdx,438,3704172,426513,0x00,0x67,0,0,0
credits.vdx,439,3704180,426521,0x00,0x67,0,0,0
credits.vdx,440,3704188,426529,0x00,0x67,0,0,0
credits.vdx,441,3704196,426537,0x00,0x67,0,0,0
credits.vdx,442,3704204,426545,0x00,0x67,0,0,0
credits.vdx,443,3704212,426553,0x00,0x67,0,0,0
credits.vdx,444,3704220,426561,0x00,0x67,0,0,0
credits.vdx,445,3704228,426569,0x25,0x77,125,127,7
credits.vdx,446,3704361,426702,0x25,0x77,387,63,6
credits.vdx,447,3704756,427097,0x25,0x77,633,63,6
credits.vdx,448,3705397,427738,0x25,0x77,821,31,5
credits.vdx,449,3706226,428567,0x25,0x77,933,31,5
credits.vdx,450,3707167,429508,0x25,0x77,1489,31,5
credits.vdx,451,3708664,431005,0x25,0x77,5039,15,4
credits.vdx,452,3713711,436052,0x25,0x77,6701,7,3
credits.vdx,453,3720420,442761,0x25,0x77,4951,15,4
credits.vdx,454,3725379,447720,0x25,0x77,872,63,6
credits.vdx,455,3726259,448600,0x00,0x67,0,0,0
credits.vdx,456,3726267,448608,0x00,0x67,0,0,0
credits.vdx,457,3726275,448616,0x00,0x67,0,0,0
credits.vdx,458,3726283,448624,0x00,0x67,0,0,0
credits.vdx,459,3726291,448632,0x00,0x67,0,0,0
credits.vdx,460,3726299,448640,0x00,0x67,0,0,0
credits.vdx,461,3726307,448648,0x00,0x67,0,0,0
credits.vdx,462,3726315,448656,0x00,0x67,0,0,0
credits.vdx,463,3726323,448664,0x00,0x67,0,0,0
credits.vdx,464,3726331,448672,0x00,0x67,0,0,0
credits.vdx,465,3726339,448680,0x00,0x67,0,0,0
credits.vdx,466,3726347,448688,0x00,0x67,0,0,0
credits.vdx,467,3726355,448696,0x00,0x67,0,0,0
credits.vdx,468,3726363,448704,0x00,0x67,0,0,0
credits.vdx,469,3726371,448712,0x00,0x67,0,0,0
credits.vdx,470,3726379,448720,0x00,0x67,0,0,0
credits.vdx,471,3726387,448728,0x00,0x67,0,0,0
credits.vdx,472,3726395,448736,0x00,0x67,0,0,0
credits.vdx,473,3726403,448744,0x00,0x67,0,0,0
credits.vdx,474,3726411,448752,0x00,0x67,0,0,0
credits.vdx,475,3726419,448760,0x25,0x77,61,127,7
credits.vdx,476,3726488,448829,0x25,0x77,315,63,6
credits.vdx,477,3726811,449152,0x25,0x77,256,63,6
credits.vdx,478,3727075,449416,0x25,0x77,290,63,6
credits.vdx,479,3727373,449714,0x25,0x77,620,31,5
credits.vdx,480,3728001,450342,0x25,0x77,2671,15,4
credits.vdx,481,3730680,453021,0x25,0x77,3786,15,4
credits.vdx,482,3734474,456815,0x25,0x77,2269,31,5
credits.vdx,483,3736751,459092,0x25,0x77,133,63,6
credits.vdx,484,3736892,459233,0x00,0x67,0,0,0
credits.vdx,485,3736900,459241,0x00,0x67,0,0,0
credits.vdx,486,3736908,459249,0x00,0x67,0,0,0
credits.vdx,487,3736916,459257,0x00,0x67,0,0,0
credits.vdx,488,3736924,459265,0x00,0x67,0,0,0
credits.vdx,489,3736932,459273,0x00,0x67,0,0,0
credits.vdx,490,3736940,459281,0x00,0x67,0,0,0
credits.vdx,491,3736948,459289,0x00,0x67,0,0,0
credits.vdx,492,3736956,459297,0x00,0x67,0,0,0
credits.vdx,493,3736964,459305,0x00,0x67,0,0,0
credits.vdx,494,3736972,459313,0x00,0x67,0,0,0
credits.vdx,495,3736980,459321,0x00,0x67,0,0,0
credits.vdx,496,3736988,459329,0x00,0x67,0,0,0
credits.vdx,497,3736996,459337,0x00,0x67,0,0,0
credits.vdx,498,3737004,459345,0x00,0x67,0,0,0
credits.vdx,499,3737012,459353,0x00,0x67,0,0,0
credits.vdx,500,3737020,459361,0x00,0x67,0,0,0
credits.vdx,501,3737028,459369,0x00,0x67,0,0,0
credits.vdx,502,3737036,459377,0x00,0x67,0,0,0
credits.vdx,503,3737044,459385,0x00,0x67,0,0,0
credits.vdx,504,3737052,459393,0x25,0x77,110,127,7
credits.vdx,505,3737170,459511,0x25,0x77,536,31,5
credits.vdx,506,3737714,460055,0x25,0x77,487,31,5
credits.vdx,507,3738209,460550,0x25,0x77,466,31,5
credits.vdx,508,3738683,461024,0x25,0x77,1111,31,5
credits.vdx,509,3739802,462143,0x25,0x77,5600,15,4
credits.vdx,510,3745410,467751,0x25,0x77,6541,7,3
credits.vdx,511,3751959,474300,0x25,0x77,4804,15,4
credits.vdx,512,3756771,479112,0x25,0x77,501,63,6
credits.vdx,513,3757280,479621,0x00,0x67,0,0,0
credits.vdx,514,3757288,479629,0x00,0x67,0,0,0
credits.vdx,515,3757296,479637,0x00,0x67,0,0,0
credits.vdx,516,3757304,479645,0x00,0x67,0,0,0
credits.vdx,517,3757312,479653,0x00,0x67,0,0,0
credits.vdx,518,3757320,479661,0x00,0x67,0,0,0
credits.vdx,519,3757328,479669,0x00,0x67,0,0,0
credits.vdx,520,3757336,479677,0x00,0x67,0,0,0
credits.vdx,521,3757344,479685,0x00,0x67,0,0,0
credits.vdx,522,3757352,479693,0x00,0x67,0,0,0
credits.vdx,523,3757360,479701,0x00,0x67,0,0,0
credits.vdx,524,3757368,479709,0x00,0x67,0,0,0
credits.vdx,525,3757376,479717,0x00,0x67,0,0,0
credits.vdx,526,3757384,479725,0x00,0x67,0,0,0
credits.vdx,527,3757392,479733,0x00,0x67,0,0,0
credits.vdx,528,3757400,479741,0x00,0x67,0,0,0
credits.vdx,529,3757408,479749,0x00,0x67,0,0,0
credits.vdx,530,3757416,479757,0x00,0x67,0,0,0
credits.vdx,531,3757424,479765,0x00,0x67,0,0,0
credits.vdx,532,3757432,479773,0x25,0x77,116,127,7
credits.vdx,533,3757556,479897,0x25,0x77,864,31,5
credits.vdx,534,3758428,480769,0x25,0x77,1908,31,5
credits.vdx,535,3760344,482685,0x25,0x77,2426,15,4
credits.vdx,536,3762778,485119,0x25,0x77,2006,31,5
credits.vdx,537,3764792,487133,0x25,0x77,2590,15,4
credits.vdx,538,3767390,489731,0x25,0x77,4702,15,4
credits.vdx,539,3772100,494441,0x25,0x77,5131,15,4
credits.vdx,540,3777239,499580,0x25,0x77,3053,15,4
credits.vdx,541,3780300,502641,0x25,0x77,293,127,7
credits.vdx,542,3780601,502942,0x00,0x67,0,0,0
credits.vdx,543,3780609,502950,0x00,0x67,0,0,0
credits.vdx,544,3780617,502958,0x00,0x67,0,0,0
credits.vdx,545,3780625,502966,0x00,0x67,0,0,0
credits.vdx,546,3780633,502974,0x00,0x67,0,0,0
credits.vdx,547,3780641,502982,0x00,0x67,0,0,0
credits.vdx,548,3780649,502990,0x00,0x67,0,0,0
credits.vdx,549,3780657,502998,0x00,0x67,0,0,0
credits.vdx,550,3780665,503006,0x00,0x67,0,0,0
credits.vdx,551,3780673,503014,0x00,0x67,0,0,0
credits.vdx,552,3780681,503022,0x00,0x67,0,0,0
credits.vdx,553,3780689,503030,0x00,0x67,0,0,0
credits.vdx,554,3780697,503038,0x00,0x67,0,0,0
credits.vdx,555,3780705,503046,0x00,0x67,0,0,0
credits.vdx,556,3780713,503054,0x00,0x67,0,0,0
credits.vdx,557,3780721,503062,0x00,0x67,0,0,0
credits.vdx,558,3780729,503070,0x00,0x67,0,0,0
credits.vdx,559,3780737,503078,0x00,0x67,0,0,0
credits.vdx,560,3780745,503086,0x00,0x67,0,0,0
credits.vdx,561,3780753,503094,0x25,0x77,93,127,7
credits.vdx,562,3780854,503195,0x25,0x77,310,63,6
credits.vdx,563,3781172,503513,0x25,0x77,865,31,5
credits.vdx,564,3782045,504386,0x25,0x77,1272,31,5
credits.vdx,565,3783325,505666,0x25,0x77,1013,31,5
credits.vdx,566,3784346,506687,0x25,0x77,1238,31,5
credits.vdx,567,3785592,507933,0x25,0x77,3671,15,4
credits.vdx,568,3789271,511612,0x25,0x77,4756,15,4
credits.vdx,569,3794035,516376,0x25,0x77,3367,15,4
credits.vdx,570,3797410,519751,0x25,0x77,661,63,6
credits.vdx,571,3798079,520420,0x00,0x67,0,0,0
credits.vdx,572,3798087,520428,0x00,0x67,0,0,0
credits.vdx,573,3798095,520436,0x00,0x67,0,0,0
credits.vdx,574,3798103,520444,0x00,0x67,0,0,0
credits.vdx,575,3798111,520452,0x00,0x67,0,0,0
credits.vdx,576,3798119,520460,0x00,0x67,0,0,0
credits.vdx,577,3798127,520468,0x00,0x67,0,0,0
credits.vdx,578,3798135,520476,0x00,0x67,0,0,0
credits.vdx,579,3798143,520484,0x00,0x67,0,0,0
credits.vdx,580,3798151,520492,0x00,0x67,0,0,0
credits.vdx,581,3798159,520500,0x00,0x67,0,0,0
credits.vdx,582,3798167,520508,0x00,0x67,0,0,0
credits.vdx,583,3798175,520516,0x00,0x67,0,0,0
credits.vdx,584,3798183,520524,0x00,0x67,0,0,0
credits.vdx,585,3798191,520532,0x00,0x67,0,0,0
credits.vdx,586,3798199,520540,0x00,0x67,0,0,0
credits.vdx,587,3798207,520548,0x00,0x67,0,0,0
credits.vdx,588,3798215,520556,0x00,0x67,0,0,0
credits.vdx,589,3798223,520564,0x00,0x67,0,0,0
credits.vdx,590,3798231,520572,0x25,0x77,54,127,7
credits.vdx,591,3798293,520634,0x25,0x77,354,31,5
credits.vdx,592,3798655,520996,0x25,0x77,666,31,5
credits.vdx,593,3799329,521670,0x25,0x77,695,31,5
credits.vdx,594,3800032,522373,0x25,0x77,698,31,5
credits.vdx,595,3800738,523079,0x25,0x77,993,31,5
credits.vdx,596,3801739,524080,0x25,0x77,4032,15,4
credits.vdx,597,3805779,528120,0x25,0x77,6842,7,3
credits.vdx,598,3812629,534970,0x25,0x77,4141,15,4
credits.vdx,599,3816778,539119,0x25,0x77,641,63,6
credits.vdx,600,3817427,539768,0x00,0x67,0,0,0
credits.vdx,601,3817435,539776,0x00,0x67,0,0,0
credits.vdx,602,3817443,539784,0x00,0x67,0,0,0
credits.vdx,603,3817451,539792,0x00,0x67,0,0,0
credits.vdx,604,3817459,539800,0x00,0x67,0,0,0
credits.vdx,605,3817467,539808,0x00,0x67,0,0,0
credits.vdx,606,3817475,539816,0x00,0x67,0,0,0
credits.vdx,607,3817483,539824,0x00,0x67,0,0,0
credits.vdx,608,3817491,539832,0x00,0x67,0,0,0
credits.vdx,609,3817499,539840,0x00,0x67,0,0,0
credits.vdx,610,3817507,539848,0x00,0x67,0,0,0
credits.vdx,611,3817515,539856,0x00,0x67,0,0,0
credits.vdx,612,3817523,539864,0x00,0x67,0,0,0
credits.vdx,613,3817531,539872,0x00,0x67,0,0,0
credits.vdx,614,3817539,539880,0x00,0x67,0,0,0
credits.vdx,615,3817547,539888,0x00,0x67,0,0,0
credits.vdx,616,3817555,539896,0x00,0x67,0,0,0
credits.vdx,617,3817563,539904,0x00,0x67,0,0,0
credits.vdx,618,3817571,539912,0x00,0x67,0,0,0
credits.vdx,619,3817579,539920,0x25,0x77,184,63,6
credits.vdx,620,3817771,540112,0x25,0x77,383,63,6
credits.vdx,621,3818162,540503,0x25,0x77,524,63,6
credits.vdx,622,3818694,541035,0x25,0x77,645,63,6
credits.vdx,623,3819347,541688,0x25,0x77,989,31,5
credits.vdx,624,3820344,542685,0x25,0x77,1327,31,5
credits.vdx,625,3821679,544020,0x25,0x77,2055,31,5
credits.vdx,626,3823742,546083,0x25,0x77,2190,15,4
credits.vdx,627,3825940,548281,0x25,0x77,1663,31,5
credits.vdx,628,3827611,549952,0x25,0x77,205,63,6
credits.vdx,629,3827824,550165,0x00,0x67,0,0,0
credits.vdx,630,3827832,550173,0x00,0x67,0,0,0
credits.vdx,631,3827840,550181,0x00,0x67,0,0,0
credits.vdx,632,3827848,550189,0x00,0x67,0,0,0
credits.vdx,633,3827856,550197,0x00,0x67,0,0,0
credits.vdx,634,3827864,550205,0x00,0x67,0,0,0
credits.vdx,635,3827872,550213,0x00,0x67,0,0,0
credits.vdx,636,3827880,550221,0x00,0x67,0,0,0
credits.vdx,637,3827888,550229,0x00,0x67,0,0,0
credits.vdx,638,3827896,550237,0x00,0x67,0,0,0
credits.vdx,639,3827904,550245,0x00,0x67,0,0,0
credits.vdx,640,3827912,550253,0x00,0x67,0,0,0
credits.vdx,641,3827920,550261,0x00,0x67,0,0,0
credits.vdx,642,3827928,550269,0x00,0x67,0,0,0
credits.vdx,643,3827936,550277,0x00,0x67,0,0,0
credits.vdx,644,3827944,550285,0x00,0x67,0,0,0
credits.vdx,645,3827952,550293,0x00,0x67,0,0,0
credits.vdx,646,3827960,550301,0x00,0x67,0,0,0
credits.vdx,647,3827968,550309,0x00,0x67,0,0,0
credits.vdx,648,3827976,550317,0x25,0x77,58,127,7
credits.vdx,649,3828042,550383,0x25,0x77,202,63,6
credits.vdx,650,3828252,550593,0x25,0x77,425,31,5
credits.vdx,651,3828685,551026,0x25,0x77,536,31,5
credits.vdx,652,3829229,551570,0x25,0x77,774,31,5
credits.vdx,653,3830011,552352,0x25,0x77,973,31,5
credits.vdx,654,3830992,553333,0x25,0x77,1107,31,5
credits.vdx,655,3832107,554448,0x25,0x77,1175,31,5
credits.vdx,656,3833290,555631,0x25,0x77,924,31,5
credits.vdx,657,3834222,556563,0x25,0x77,48,127,7
credits.vdx,658,3834278,556619,0x00,0x67,0,0,0
credits.vdx,659,3834286,556627,0x00,0x67,0,0,0
credits.vdx,660,3834294,556635,0x00,0x67,0,0,0
credits.vdx,661,3834302,556643,0x00,0x67,0,0,0
credits.vdx,662,3834310,556651,0x00,0x67,0,0,0
credits.vdx,663,3834318,556659,0x00,0x67,0,0,0
credits.vdx,664,3834326,556667,0x00,0x67,0,0,0
credits.vdx,665,3834334,556675,0x00,0x67,0,0,0
credits.vdx,666,3834342,556683,0x00,0x67,0,0,0
credits.vdx,667,3834350,556691,0x00,0x67,0,0,0
credits.vdx,668,3834358,556699,0x00,0x67,0,0,0
credits.vdx,669,3834366,556707,0x00,0x67,0,0,0
credits.vdx,670,3834374,556715,0x00,0x67,0,0,0
credits.vdx,671,3834382,556723,0x00,0x67,0,0,0
credits.vdx,672,3834390,556731,0x00,0x67,0,0,0
credits.vdx,673,3834398,556739,0x00,0x67,0,0,0
credits.vdx,674,3834406,556747,0x00,0x67,0,0,0
credits.vdx,675,3834414,556755,0x00,0x67,0,0,0
credits.vdx,676,3834422,556763,0x00,0x67,0,0,0
credits.vdx,677,3834430,556771,0x25,0x77,35,127,7
credits.vdx,678,3834473,556814,0x25,0x77,108,127,7
credits.vdx,679,3834589,556930,0x25,0x77,394,63,6
credits.vdx,680,3834991,557332,0x25,0x77,501,31,5
credits.vdx,681,3835500,557841,0x25,0x77,835,31,5
credits.vdx,682,3836343,558684,0x25,0x77,1276,15,4
credits.vdx,683,3837627,559968,0x25,0x77,1221,15,4
credits.vdx,684,3838856,561197,0x25,0x77,1276,15,4
credits.vdx,685,3840140,562481,0x25,0x77,989,31,5
credits.vdx,686,3841137,563478,0x25,0x77,73,127,7
credits.vdx,687,3841218,563559,0x00,0x67,0,0,0
credits.vdx,688,3841226,563567,0x00,0x67,0,0,0
credits.vdx,689,3841234,563575,0x00,0x67,0,0,0
credits.vdx,690,3841242,563583,0x00,0x67,0,0,0
credits.vdx,691,3841250,563591,0x00,0x67,0,0,0
credits.vdx,692,3841258,563599,0x00,0x67,0,0,0
credits.vdx,693,3841266,563607,0x00,0x67,0,0,0
credits.vdx,694,3841274,563615,0x00,0x67,0,0,0
credits.vdx,695,3841282,563623,0x00,0x67,0,0,0
credits.vdx,696,3841290,563631,0x00,0x67,0,0,0
credits.vdx,697,3841298,563639,0x00,0x67,0,0,0
credits.vdx,698,3841306,563647,0x00,0x67,0,0,0
credits.vdx,699,3841314,563655,0x00,0x67,0,0,0
credits.vdx,700,3841322,563663,0x00,0x67,0,0,0
credits.vdx,701,3841330,563671,0x00,0x67,0,0,0
credits.vdx,702,3841338,563679,0x00,0x67,0,0,0
credits.vdx,703,3841346,563687,0x00,0x67,0,0,0
credits.vdx,704,3841354,563695,0x00,0x67,0,0,0
credits.vdx,705,3841362,563703,0x00,0x67,0,0,0
credits.vdx,706,3841370,563711,0x25,0x77,40,127,7
credits.vdx,707,3841418,563759,0x25,0x77,56,127,7
credits.vdx,708,3841482,563823,0x25,0x77,320,63,6
credits.vdx,709,3841810,564151,0x25,0x77,414,63,6
credits.vdx,710,3842232,564573,0x25,0x77,886,31,5
credits.vdx,711,3843126,565467,0x25,0x77,1103,31,5
credits.vdx,712,3844237,566578,0x25,0x77,1235,15,4
credits.vdx,713,3845480,567821,0x25,0x77,1401,15,4
credits.vdx,714,3846889,569230,0x25,0x77,1115,31,5
credits.vdx,715,3848012,570353,0x25,0x77,92,127,7
credits.vdx,716,3848112,570453,0x00,0x67,0,0,0
credits.vdx,717,3848120,570461,0x00,0x67,0,0,0
credits.vdx,718,3848128,570469,0x00,0x67,0,0,0
credits.vdx,719,3848136,570477,0x00,0x67,0,0,0
credits.vdx,720,3848144,570485,0x00,0x67,0,0,0
credits.vdx,721,3848152,570493,0x00,0x67,0,0,0
credits.vdx,722,3848160,570501,0x00,0x67,0,0,0
credits.vdx,723,3848168,570509,0x00,0x67,0,0,0
credits.vdx,724,3848176,570517,0x00,0x67,0,0,0
credits.vdx,725,3848184,570525,0x00,0x67,0,0,0
credits.vdx,726,3848192,570533,0x00,0x67,0,0,0
credits.vdx,727,3848200,570541,0x00,0x67,0,0,0
credits.vdx,728,3848208,570549,0x00,0x67,0,0,0
credits.vdx,729,3848216,570557,0x00,0x67,0,0,0
credits.vdx,730,3848224,570565,0x00,0x67,0,0,0
credits.vdx,731,3848232,570573,0x00,0x67,0,0,0
credits.vdx,732,3848240,570581,0x00,0x67,0,0,0
credits.vdx,733,3848248,570589,0x00,0x67,0,0,0
credits.vdx,734,3848256,570597,0x00,0x67,0,0,0
credits.vdx,735,3848264,570605,0x25,0x77,74,127,7
credits.vdx,736,3848346,570687,0x25,0x77,355,31,5
credits.vdx,737,3848709,571050,0x25,0x77,319,63,6
credits.vdx,738,3849036,571377,0x25,0x77,540,31,5
credits.vdx,739,3849584,571925,0x25,0x77,636,31,5
credits.vdx,740,3850228,572569,0x25,0x77,1592,31,5
credits.vdx,741,3851828,574169,0x25,0x77,4679,15,4
credits.vdx,742,3856515,578856,0x25,0x77,6905,7,3
credits.vdx,743,3863428,585769,0x25,0x77,5353,15,4
credits.vdx,744,3868789,591130,0x25,0x77,744,63,6
credits.vdx,745,3869541,591882,0x00,0x67,0,0,0
credits.vdx,746,3869549,591890,0x00,0x67,0,0,0
credits.vdx,747,3869557,591898,0x00,0x67,0,0,0
credits.vdx,748,3869565,591906,0x00,0x67,0,0,0
credits.vdx,749,3869573,591914,0x00,0x67,0,0,0
credits.vdx,750,3869581,591922,0x00,0x67,0,0,0
credits.vdx,751,3869589,591930,0x00,0x67,0,0,0
credits.vdx,752,3869597,591938,0x00,0x67,0,0,0
credits.vdx,753,3869605,591946,0x00,0x67,0,0,0
credits.vdx,754,3869613,591954,0x00,0x67,0,0,0
credits.vdx,755,3869621,591962,0x00,0x67,0,0,0
credits.vdx,756,3869629,591970,0x00,0x67,0,0,0
credits.vdx,757,3869637,591978,0x00,0x67,0,0,0
credits.vdx,758,3869645,591986,0x00,0x67,0,0,0
credits.vdx,759,3869653,591994,0x00,0x67,0,0,0
credits.vdx,760,3869661,592002,0x00,0x67,0,0,0
credits.vdx,761,3869669,592010,0x00,0x67,0,0,0
credits.vdx,762,3869677,592018,0x00,0x67,0,0,0
credits.vdx,763,3869685,592026,0x00,0x67,0,0,0
credits.vdx,764,3869693,592034,0x25,0x77,65,127,7
credits.vdx,765,3869766,592107,0x25,0x77,243,127,7
credits.vdx,766,3870017,592358,0x25,0x77,187,63,6
credits.vdx,767,3870212,592553,0x25,0x77,285,63,6
credits.vdx,768,3870505,592846,0x25,0x77,311,63,6
credits.vdx,769,3870824,593165,0x25,0x77,1033,31,5
credits.vdx,770,3871865,594206,0x25,0x77,4783,15,4
credits.vdx,771,3876656,598997,0x25,0x77,7117,7,3
credits.vdx,772,3883781,606122,0x25,0x77,6112,7,3
credits.vdx,773,3889901,612242,0x25,0x77,931,31,5
credits.vdx,774,3890840,613181,0x00,0x67,0,0,0
credits.vdx,775,3890848,613189,0x00,0x67,0,0,0
credits.vdx,776,3890856,613197,0x00,0x67,0,0,0
credits.vdx,777,3890864,613205,0x00,0x67,0,0,0
credits.vdx,778,3890872,613213,0x00,0x67,0,0,0
credits.vdx,779,3890880,613221,0x00,0x67,0,0,0
credits.vdx,780,3890888,613229,0x00,0x67,0,0,0
credits.vdx,781,3890896,613237,0x00,0x67,0,0,0
credits.vdx,782,3890904,613245,0x00,0x67,0,0,0
credits.vdx,783,3890912,613253,0x00,0x67,0,0,0
credits.vdx,784,3890920,613261,0x00,0x67,0,0,0
credits.vdx,785,3890928,613269,0x00,0x67,0,0,0
credits.vdx,786,3890936,613277,0x00,0x67,0,0,0
credits.vdx,787,3890944,613285,0x00,0x67,0,0,0
credits.vdx,788,3890952,613293,0x00,0x67,0,0,0
credits.vdx,789,3890960,613301,0x00,0x67,0,0,0
credits.vdx,790,3890968,613309,0x00,0x67,0,0,0
credits.vdx,791,3890976,613317,0x00,0x67,0,0,0
credits.vdx,792,3890984,613325,0x00,0x67,0,0,0
credits.vdx,793,3890992,613333,0x25,0x77,27,127,7
credits.vdx,794,3891027,613368,0x25,0x77,168,127,7
credits.vdx,795,3891203,613544,0x25,0x77,153,127,7
credits.vdx,796,3891364,613705,0x25,0x77,320,63,6
credits.vdx,797,3891692,614033,0x25,0x77,480,63,6
credits.vdx,798,3892180,614521,0x25,0x77,788,63,6
credits.vdx,799,3892976,615317,0x25,0x77,3651,15,4
credits.vdx,800,3896635,618976,0x25,0x77,6863,7,3
credits.vdx,801,3903506,625847,0x25,0x77,4944,15,4
credits.vdx,802,3908458,630799,0x25,0x77,652,31,5
credits.vdx,803,3909118,631459,0x00,0x67,0,0,0
credits.vdx,804,3909126,631467,0x00,0x67,0,0,0
credits.vdx,805,3909134,631475,0x00,0x67,0,0,0
credits.vdx,806,3909142,631483,0x00,0x67,0,0,0
credits.vdx,807,3909150,631491,0x00,0x67,0,0,0
credits.vdx,808,3909158,631499,0x00,0x67,0,0,0
credits.vdx,809,3909166,631507,0x00,0x67,0,0,0
credits.vdx,810,3909174,631515,0x00,0x67,0,0,0
credits.vdx,811,3909182,631523,0x00,0x67,0,0,0
credits.vdx,812,3909190,631531,0x00,0x67,0,0,0
credits.vdx,813,3909198,631539,0x00,0x67,0,0,0
credits.vdx,814,3909206,631547,0x00,0x67,0,0,0
credits.vdx,815,3909214,631555,0x00,0x67,0,0,0
credits.vdx,816,3909222,631563,0x00,0x67,0,0,0
credits.vdx,817,3909230,631571,0x00,0x67,0,0,0
credits.vdx,818,3909238,631579,0x00,0x67,0,0,0
credits.vdx,819,3909246,631587,0x00,0x67,0,0,0
credits.vdx,820,3909254,631595,0x00,0x67,0,0,0
credits.vdx,821,3909262,631603,0x00,0x67,0,0,0
credits.vdx,822,3909270,631611,0x00,0x67,0,0,0
credits.vdx,823,3909278,631619,0x25,0x77,128,127,7
credits.vdx,824,3909414,631755,0x25,0x77,116,127,7
credits.vdx,825,3909538,631879,0x25,0x77,280,127,7
credits.vdx,826,3909826,632167,0x25,0x77,340,63,6
credits.vdx,827,3910174,632515,0x25,0x77,711,31,5
credits.vdx,828,3910893,633234,0x25,0x77,5079,15,4
credits.vdx,829,3915980,638321,0x25,0x77,7231,7,3
credits.vdx,830,3923219,645560,0x25,0x77,5522,15,4
credits.vdx,831,3928749,651090,0x25,0x77,825,31,5
credits.vdx,832,3929582,651923,0x00,0x67,0,0,0
credits.vdx,833,3929590,651931,0x00,0x67,0,0,0
credits.vdx,834,3929598,651939,0x00,0x67,0,0,0
credits.vdx,835,3929606,651947,0x00,0x67,0,0,0
credits.vdx,836,3929614,651955,0x00,0x67,0,0,0
credits.vdx,837,3929622,651963,0x00,0x67,0,0,0
credits.vdx,838,3929630,651971,0x00,0x67,0,0,0
credits.vdx,839,3929638,651979,0x00,0x67,0,0,0
credits.vdx,840,3929646,651987,0x00,0x67,0,0,0
credits.vdx,841,3929654,651995,0x00,0x67,0,0,0
credits.vdx,842,3929662,652003,0x00,0x67,0,0,0
credits.vdx,843,3929670,652011,0x00,0x67,0,0,0
credits.vdx,844,3929678,652019,0x00,0x67,0,0,0
credits.vdx,845,3929686,652027,0x00,0x67,0,0,0
credits.vdx,846,3929694,652035,0x00,0x67,0,0,0
credits.vdx,847,3929702,652043,0x00,0x67,0,0,0
credits.vdx,848,3929710,652051,0x00,0x67,0,0,0
credits.vdx,849,3929718,652059,0x00,0x67,0,0,0
credits.vdx,850,3929726,652067,0x00,0x67,0,0,0
credits.vdx,851,3929734,652075,0x25,0x77,195,127,7
credits.vdx,852,3929937,652278,0x25,0x77,319,127,7
credits.vdx,853,3930264,652605,0x25,0x77,773,63,6
credits.vdx,854,3931045,653386,0x25,0x77,921,31,5
credits.vdx,855,3931974,654315,0x25,0x77,990,31,5
credits.vdx,856,3932972,655313,0x25,0x77,1441,31,5
credits.vdx,857,3934421,656762,0x25,0x77,2163,15,4
credits.vdx,858,3936592,658933,0x25,0x77,2241,31,5
credits.vdx,859,3938841,661182,0x25,0x77,1741,31,5
credits.vdx,860,3940590,662931,0x25,0x77,245,63,6
credits.vdx,861,3940843,663184,0x00,0x67,0,0,0
credits.vdx,862,3940851,663192,0x00,0x67,0,0,0
credits.vdx,863,3940859,663200,0x00,0x67,0,0,0
credits.vdx,864,3940867,663208,0x00,0x67,0,0,0
credits.vdx,865,3940875,663216,0x00,0x67,0,0,0
credits.vdx,866,3940883,663224,0x00,0x67,0,0,0
credits.vdx,867,3940891,663232,0x00,0x67,0,0,0
credits.vdx,868,3940899,663240,0x00,0x67,0,0,0
credits.vdx,869,3940907,663248,0x00,0x67,0,0,0
credits.vdx,870,3940915,663256,0x00,0x67,0,0,0
credits.vdx,871,3940923,663264,0x00,0x67,0,0,0
credits.vdx,872,3940931,663272,0x00,0x67,0,0,0
credits.vdx,873,3940939,663280,0x00,0x67,0,0,0
credits.vdx,874,3940947,663288,0x00,0x67,0,0,0
credits.vdx,875,3940955,663296,0x00,0x67,0,0,0
credits.vdx,876,3940963,663304,0x00,0x67,0,0,0
credits.vdx,877,3940971,663312,0x00,0x67,0,0,0
credits.vdx,878,3940979,663320,0x00,0x67,0,0,0
credits.vdx,879,3940987,663328,0x00,0x67,0,0,0
credits.vdx,880,3940995,663336,0x25,0x77,64,127,7
credits.vdx,881,3941067,663408,0x25,0x77,166,127,7
credits.vdx,882,3941241,663582,0x25,0x77,307,63,6
credits.vdx,883,3941556,663897,0x25,0x77,381,63,6
credits.vdx,884,3941945,664286,0x25,0x77,714,31,5
credits.vdx,885,3942667,665008,0x25,0x77,1203,31,5
credits.vdx,886,3943878,666219,0x25,0x77,1265,31,5
credits.vdx,887,3945151,667492,0x25,0x77,1419,31,5
credits.vdx,888,3946578,668919,0x25,0x77,1231,15,4
credits.vdx,889,3947817,670158,0x25,0x77,155,63,6
credits.vdx,890,3947980,670321,0x00,0x67,0,0,0
credits.vdx,891,3947988,670329,0x00,0x67,0,0,0
credits.vdx,892,3947996,670337,0x00,0x67,0,0,0
credits.vdx,893,3948004,670345,0x00,0x67,0,0,0
credits.vdx,894,3948012,670353,0x00,0x67,0,0,0
credits.vdx,895,3948020,670361,0x00,0x67,0,0,0
credits.vdx,896,3948028,670369,0x00,0x67,0,0,0
credits.vdx,897,3948036,670377,0x00,0x67,0,0,0
credits.vdx,898,3948044,670385,0x00,0x67,0,0,0
credits.vdx,899,3948052,670393,0x00,0x67,0,0,0
credits.vdx,900,3948060,670401,0x00,0x67,0,0,0
credits.vdx,901,3948068,670409,0x00,0x67,0,0,0
credits.vdx,902,3948076,670417,0x00,0x67,0,0,0
credits.vdx,903,3948084,670425,0x00,0x67,0,0,0
credits.vdx,904,3948092,670433,0x00,0x67,0,0,0
credits.vdx,905,3948100,670441,0x00,0x67,0,0,0
credits.vdx,906,3948108,670449,0x00,0x67,0,0,0
credits.vdx,907,3948116,670457,0x00,0x67,0,0,0
credits.vdx,908,3948124,670465,0x00,0x67,0,0,0
credits.vdx,909,3948132,670473,0x25,0x77,19,127,7
credits.vdx,910,3948159,670500,0x25,0x77,73,127,7
credits.vdx,911,3948240,670581,0x25,0x77,98,127,7
credits.vdx,912,3948346,670687,0x25,0x77,194,127,7
credits.vdx,913,3948548,670889,0x25,0x77,569,31,5
credits.vdx,914,3949125,671466,0x25,0x77,1031,15,4
credits.vdx,915,3950164,672505,0x25,0x77,1087,31,5
credits.vdx,916,3951259,673600,0x25,0x77,1148,31,5
credits.vdx,917,3952415,674756,0x25,0x77,1028,31,5
credits.vdx,918,3953451,675792,0x25,0x77,125,127,7
credits.vdx,919,3953584,675925,0x00,0x67,0,0,0
credits.vdx,920,3953592,675933,0x00,0x67,0,0,0
credits.vdx,921,3953600,675941,0x00,0x67,0,0,0
credits.vdx,922,3953608,675949,0x00,0x67,0,0,0
credits.vdx,923,3953616,675957,0x00,0x67,0,0,0
credits.vdx,924,3953624,675965,0x00,0x67,0,0,0
credits.vdx,925,3953632,675973,0x00,0x67,0,0,0
credits.vdx,926,3953640,675981,0x00,0x67,0,0,0
credits.vdx,927,3953648,675989,0x00,0x67,0,0,0
credits.vdx,928,3953656,675997,0x00,0x67,0,0,0
credits.vdx,929,3953664,676005,0x00,0x67,0,0,0
credits.vdx,930,3953672,676013,0x00,0x67,0,0,0
credits.vdx,931,3953680,676021,0x00,0x67,0,0,0
credits.vdx,932,3953688,676029,0x00,0x67,0,0,0
credits.vdx,933,3953696,676037,0x00,0x67,0,0,0
credits.vdx,934,3953704,676045,0x00,0x67,0,0,0
credits.vdx,935,3953712,676053,0x00,0x67,0,0,0
credits.vdx,936,3953720,676061,0x00,0x67,0,0,0
credits.vdx,937,3953728,676069,0x00,0x67,0,0,0
credits.vdx,938,3953736,676077,0x25,0x77,36,127,7
credits.vdx,939,3953780,676121,0x25,0x77,40,127,7
credits.vdx,940,3953828,676169,0x25,0x77,77,127,7
credits.vdx,941,3953913,676254,0x25,0x77,357,63,6
credits.vdx,942,3954278,676619,0x25,0x77,514,31,5
credits.vdx,943,3954800,677141,0x25,0x77,700,31,5
credits.vdx,944,3955508,677849,0x25,0x77,2258,31,5
credits.vdx,945,3957774,680115,0x25,0x77,3597,15,4
credits.vdx,946,3961379,683720,0x25,0x77,2245,31,5
credits.vdx,947,3963632,685973,0x25,0x77,95,127,7
credits.vdx,948,3963735,686076,0x00,0x67,0,0,0
credits.vdx,949,3963743,686084,0x00,0x67,0,0,0
credits.vdx,950,3963751,686092,0x00,0x67,0,0,0
credits.vdx,951,3963759,686100,0x00,0x67,0,0,0
credits.vdx,952,3963767,686108,0x00,0x67,0,0,0
credits.vdx,953,3963775,686116,0x00,0x67,0,0,0
credits.vdx,954,3963783,686124,0x00,0x67,0,0,0
credits.vdx,955,3963791,686132,0x00,0x67,0,0,0
credits.vdx,956,3963799,686140,0x00,0x67,0,0,0
credits.vdx,957,3963807,686148,0x00,0x67,0,0,0
credits.vdx,958,3963815,686156,0x00,0x67,0,0,0
credits.vdx,959,3963823,686164,0x00,0x67,0,0,0
credits.vdx,960,3963831,686172,0x00,0x67,0,0,0
credits.vdx,961,3963839,686180,0x00,0x67,0,0,0
credits.vdx,962,3963847,686188,0x00,0x67,0,0,0
credits.vdx,963,3963855,686196,0x00,0x67,0,0,0
credits.vdx,964,3963863,686204,0x00,0x67,0,0,0
credits.vdx,965,3963871,686212,0x00,0x67,0,0,0
credits.vdx,966,3963879,686220,0x00,0x67,0,0,0
credits.vdx,967,3963887,686228,0x25,0x77,2472,15,4
credits.vdx,968,3966367,688708,0x25,0x77,5781,7,3
credits.vdx,969,3972156,694497,0x25,0x77,6884,15,4
credits.vdx,970,3979048,701389,0x25,0x77,6424,15,4
credits.vdx,971,3985480,707821,0x25,0x77,4221,15,4
credits.vdx,972,3989709,712050,0x25,0x77,4155,15,4
credits.vdx,973,3993872,716213,0x25,0x77,4428,15,4
credits.vdx,974,3998308,720649,0x25,0x77,4876,15,4
credits.vdx,975,4003192,725533,0x25,0x77,3419,31,5
credits.vdx,976,4006619,728960,0x25,0x77,767,31,5
credits.vdx,977,4007394,729735,0x00,0x67,0,0,0
credits.vdx,978,4007402,729743,0x00,0x67,0,0,0
credits.vdx,979,4007410,729751,0x00,0x67,0,0,0
credits.vdx,980,4007418,729759,0x00,0x67,0,0,0
credits.vdx,981,4007426,729767,0x00,0x67,0,0,0
credits.vdx,982,4007434,729775,0x00,0x67,0,0,0
credits.vdx,983,4007442,729783,0x00,0x67,0,0,0
credits.vdx,984,4007450,729791,0x00,0x67,0,0,0
credits.vdx,985,4007458,729799,0x00,0x67,0,0,0
credits.vdx,986,4007466,729807,0x00,0x67,0,0,0
credits.vdx,987,4007474,729815,0x00,0x67,0,0,0
credits.vdx,988,4007482,729823,0x00,0x67,0,0,0
credits.vdx,989,4007490,729831,0x00,0x67,0,0,0
credits.vdx,990,4007498,729839,0x00,0x67,0,0,0
credits.vdx,991,4007506,729847,0x00,0x67,0,0,0
credits.vdx,992,4007514,729855,0x00,0x67,0,0,0
credits.vdx,993,4007522,729863,0x00,0x67,0,0,0
credits.vdx,994,4007530,729871,0x00,0x67,0,0,0
credits.vdx,995,4007538,729879,0x00,0x67,0,0,0
credits.vdx,996,4007546,729887,0x25,0x77,506,63,6
credits.vdx,997,4008060,730401,0x25,0x77,2013,31,5
credits.vdx,998,4010081,732422,0x25,0x77,2453,31,5
credits.vdx,999,4012542,734883,0x25,0x77,2329,31,5
credits.vdx,1000,4014879,737220,0x25,0x77,1555,63,6
credits.vdx,1001,4016442,738783,0x25,0x77,1511,31,5
credits.vdx,1002,4017961,740302,0x25,0x77,1506,31,5
credits.vdx,1003,4019475,741816,0x25,0x77,1113,63,6
credits.vdx,1004,4020596,742937,0x25,0x77,687,127,7
credits.vdx,1005,4021291,743632,0x25,0x77,96,127,7
credits.vdx,1006,4021395,743736,0x00,0x67,0,0,0
credits.vdx,1007,4021403,743744,0x00,0x67,0,0,0
credits.vdx,1008,4021411,743752,0x00,0x67,0,0,0
credits.vdx,1009,4021419,743760,0x00,0x67,0,0,0
credits.vdx,1010,4021427,743768,0x00,0x67,0,0,0
credits.vdx,1011,4021435,743776,0x00,0x67,0,0,0
credits.vdx,1012,4021443,743784,0x00,0x67,0,0,0
credits.vdx,1013,4021451,743792,0x00,0x67,0,0,0
credits.vdx,1014,4021459,743800,0x00,0x67,0,0,0
credits.vdx,1015,4021467,743808,0x00,0x67,0,0,0
credits.vdx,1016,4021475,743816,0x00,0x67,0,0,0
credits.vdx,1017,4021483,743824,0x00,0x67,0,0,0
credits.vdx,1018,4021491,743832,0x00,0x67,0,0,0
credits.vdx,1019,4021499,743840,0x00,0x67,0,0,0
credits.vdx,1020,4021507,743848,0x00,0x67,0,0,0
credits.vdx,1021,4021515,743856,0x00,0x67,0,0,0
credits.vdx,1022,4021523,743864,0x00,0x67,0,0,0
credits.vdx,1023,4021531,743872,0x00,0x67,0,0,0
credits.vdx,1024,4021539,743880,0x00,0x67,0,0,0
credits.vdx,1025,4021547,743888,0x25,0x77,294,63,6
credits.vdx,1026,4021849,744190,0x25,0x77,526,63,6
credits.vdx,1027,4022383,744724,0x25,0x77,739,31,5
credits.vdx,1028,4023130,745471,0x25,0x77,576,63,6
credits.vdx,1029,4023714,746055,0x25,0x77,735,31,5
credits.vdx,1030,4024457,746798,0x25,0x77,870,31,5
credits.vdx,1031,4025335,747676,0x25,0x77,836,31,5
credits.vdx,1032,4026179,748520,0x25,0x77,779,31,5
credits.vdx,1033,4026966,749307,0x25,0x77,621,63,6
credits.vdx,1034,4027595,749936,0x25,0x77,122,127,7
credits.vdx,1035,4027725,750066,0x00,0x67,0,0,0
credits.vdx,1036,4027733,750074,0x00,0x67,0,0,0
credits.vdx,1037,4027741,750082,0x00,0x67,0,0,0
credits.vdx,1038,4027749,750090,0x00,0x67,0,0,0
credits.vdx,1039,4027757,750098,0x00,0x67,0,0,0
credits.vdx,1040,4027765,750106,0x00,0x67,0,0,0
credits.vdx,1041,4027773,750114,0x00,0x67,0,0,0
credits.vdx,1042,4027781,750122,0x00,0x67,0,0,0
credits.vdx,1043,4027789,750130,0x00,0x67,0,0,0
credits.vdx,1044,4027797,750138,0x00,0x67,0,0,0
credits.vdx,1045,4027805,750146,0x00,0x67,0,0,0
credits.vdx,1046,4027813,750154,0x00,0x67,0,0,0
credits.vdx,1047,4027821,750162,0x00,0x67,0,0,0
credits.vdx,1048,4027829,750170,0x00,0x67,0,0,0
credits.vdx,1049,4027837,750178,0x00,0x67,0,0,0
credits.vdx,1050,4027845,750186,0x00,0x67,0,0,0
credits.vdx,1051,4027853,750194,0x00,0x67,0,0,0
credits.vdx,1052,4027861,750202,0x00,0x67,0,0,0
credits.vdx,1053,4027869,750210,0x00,0x67,0,0,0
credits.vdx,1054,4027877,750218,0x25,0x77,56,127,7
credits.vdx,1055,4027941,750282,0x25,0x77,98,127,7
credits.vdx,1056,4028047,750388,0x25,0x77,385,63,6
credits.vdx,1057,4028440,750781,0x25,0x77,721,63,6
credits.vdx,1058,4029169,751510,0x25,0x77,919,31,5
credits.vdx,1059,4030096,752437,0x25,0x77,1216,15,4
credits.vdx,1060,4031320,753661,0x25,0x77,1286,31,5
credits.vdx,1061,4032614,754955,0x25,0x77,1236,31,5
credits.vdx,1062,4033858,756199,0x25,0x77,1087,31,5
credits.vdx,1063,4034953,757294,0x25,0x77,132,127,7
credits.vdx,1064,4035093,757434,0x00,0x67,0,0,0
credits.vdx,1065,4035101,757442,0x00,0x67,0,0,0
credits.vdx,1066,4035109,757450,0x00,0x67,0,0,0
credits.vdx,1067,4035117,757458,0x00,0x67,0,0,0
credits.vdx,1068,4035125,757466,0x00,0x67,0,0,0
credits.vdx,1069,4035133,757474,0x00,0x67,0,0,0
credits.vdx,1070,4035141,757482,0x00,0x67,0,0,0
credits.vdx,1071,4035149,757490,0x00,0x67,0,0,0
credits.vdx,1072,4035157,757498,0x00,0x67,0,0,0
credits.vdx,1073,4035165,757506,0x00,0x67,0,0,0
credits.vdx,1074,4035173,757514,0x00,0x67,0,0,0
credits.vdx,1075,4035181,757522,0x00,0x67,0,0,0
credits.vdx,1076,4035189,757530,0x00,0x67,0,0,0
credits.vdx,1077,4035197,757538,0x00,0x67,0,0,0
credits.vdx,1078,4035205,757546,0x00,0x67,0,0,0
credits.vdx,1079,4035213,757554,0x00,0x67,0,0,0
credits.vdx,1080,4035221,757562,0x00,0x67,0,0,0
credits.vdx,1081,4035229,757570,0x00,0x67,0,0,0
credits.vdx,1082,4035237,757578,0x00,0x67,0,0,0
credits.vdx,1083,4035245,757586,0x25,0x77,350,63,6
credits.vdx,1084,4035603,757944,0x25,0x77,813,31,5
credits.vdx,1085,4036424,758765,0x25,0x77,1193,31,5
credits.vdx,1086,4037625,759966,0x25,0x77,1068,15,4
credits.vdx,1087,4038701,761042,0x25,0x77,1017,15,4
credits.vdx,1088,4039726,762067,0x25,0x77,965,31,5
credits.vdx,1089,4040699,763040,0x25,0x77,971,31,5
credits.vdx,1090,4041678,764019,0x25,0x77,971,31,5
credits.vdx,1091,4042657,764998,0x25,0x77,715,31,5
credits.vdx,1092,4043380,765721,0x25,0x77,79,127,7
credits.vdx,1093,4043467,765808,0x00,0x67,0,0,0
credits.vdx,1094,4043475,765816,0x00,0x67,0,0,0
credits.vdx,1095,4043483,765824,0x00,0x67,0,0,0
credits.vdx,1096,4043491,765832,0x00,0x67,0,0,0
credits.vdx,1097,4043499,765840,0x00,0x67,0,0,0
credits.vdx,1098,4043507,765848,0x00,0x67,0,0,0
credits.vdx,1099,4043515,765856,0x00,0x67,0,0,0
credits.vdx,1100,4043523,765864,0x00,0x67,0,0,0
credits.vdx,1101,4043531,765872,0x00,0x67,0,0,0
credits.vdx,1102,4043539,765880,0x00,0x67,0,0,0
credits.vdx,1103,4043547,765888,0x00,0x67,0,0,0
credits.vdx,1104,4043555,765896,0x00,0x67,0,0,0
credits.vdx,1105,4043563,765904,0x00,0x67,0,0,0
credits.vdx,1106,4043571,765912,0x00,0x67,0,0,0
credits.vdx,1107,4043579,765920,0x00,0x67,0,0,0
credits.vdx,1108,4043587,765928,0x00,0x67,0,0,0
credits.vdx,1109,4043595,765936,0x00,0x67,0,0,0
credits.vdx,1110,4043603,765944,0x00,0x67,0,0,0
credits.vdx,1111,4043611,765952,0x00,0x67,0,0,0
credits.vdx,1112,4043619,765960,0x25,0x77,243,63,6
credits.vdx,1113,4043870,766211,0x25,0x77,746,31,5
credits.vdx,1114,4044624,766965,0x25,0x77,1321,31,5
credits.vdx,1115,4045953,768294,0x25,0x77,1021,31,5
credits.vdx,1116,4046982,769323,0x25,0x77,823,31,5
credits.vdx,1117,4047813,770154,0x25,0x77,564,31,5
credits.vdx,1118,4048385,770726,0x25,0x77,294,63,6
credits.vdx,1119,4048687,771028,0x25,0x77,228,127,7
credits.vdx,1120,4048923,771264,0x25,0x77,158,127,7
credits.vdx,1121,4049089,771430,0x25,0x77,24,127,7
credits.vdx,1122,4049121,771462,0x00,0x67,0,0,0
credits.vdx,1123,4049129,771470,0x00,0x67,0,0,0
credits.vdx,1124,4049137,771478,0x00,0x67,0,0,0
credits.vdx,1125,4049145,771486,0x00,0x67,0,0,0
credits.vdx,1126,4049153,771494,0x00,0x67,0,0,0
credits.vdx,1127,4049161,771502,0x00,0x67,0,0,0
credits.vdx,1128,4049169,771510,0x00,0x67,0,0,0
credits.vdx,1129,4049177,771518,0x00,0x67,0,0,0
credits.vdx,1130,4049185,771526,0x00,0x67,0,0,0
credits.vdx,1131,4049193,771534,0x00,0x67,0,0,0
credits.vdx,1132,4049201,771542,0x00,0x67,0,0,0
credits.vdx,1133,4049209,771550,0x00,0x67,0,0,0
credits.vdx,1134,4049217,771558,0x00,0x67,0,0,0
credits.vdx,1135,4049225,771566,0x00,0x67,0,0,0
credits.vdx,1136,4049233,771574,0x00,0x67,0,0,0
credits.vdx,1137,4049241,771582,0x00,0x67,0,0,0
credits.vdx,1138,4049249,771590,0x00,0x67,0,0,0
credits.vdx,1139,4049257,771598,0x00,0x67,0,0,0
credits.vdx,1140,4049265,771606,0x00,0x67,0,0,0
credits.vdx,1141,4049273,771614,0x25,0x77,402,31,5
credits.vdx,1142,4049683,772024,0x25,0x77,925,31,5
credits.vdx,1143,4050616,772957,0x25,0x77,1354,15,4
credits.vdx,1144,4051978,774319,0x25,0x77,1204,15,4
credits.vdx,1145,4053190,775531,0x25,0x77,1099,31,5
credits.vdx,1146,4054297,776638,0x25,0x77,951,31,5
credits.vdx,1147,4055256,777597,0x25,0x77,906,31,5
credits.vdx,1148,4056170,778511,0x25,0x77,866,31,5
credits.vdx,1149,4057044,779385,0x25,0x77,699,31,5
credits.vdx,1150,4057751,780092,0x25,0x77,323,63,6
credits.vdx,1151,4058082,780423,0x00,0x67,0,0,0
credits.vdx,1152,4058090,780431,0x00,0x67,0,0,0
credits.vdx,1153,4058098,780439,0x00,0x67,0,0,0
credits.vdx,1154,4058106,780447,0x00,0x67,0,0,0
credits.vdx,1155,4058114,780455,0x00,0x67,0,0,0
credits.vdx,1156,4058122,780463,0x00,0x67,0,0,0
credits.vdx,1157,4058130,780471,0x00,0x67,0,0,0
credits.vdx,1158,4058138,780479,0x00,0x67,0,0,0
credits.vdx,1159,4058146,780487,0x00,0x67,0,0,0
credits.vdx,1160,4058154,780495,0x00,0x67,0,0,0
credits.vdx,1161,4058162,780503,0x00,0x67,0,0,0
credits.vdx,1162,4058170,780511,0x00,0x67,0,0,0
credits.vdx,1163,4058178,780519,0x00,0x67,0,0,0
credits.vdx,1164,4058186,780527,0x00,0x67,0,0,0
credits.vdx,1165,4058194,780535,0x00,0x67,0,0,0
credits.vdx,1166,4058202,780543,0x00,0x67,0,0,0
credits.vdx,1167,4058210,780551,0x00,0x67,0,0,0
credits.vdx,1168,4058218,780559,0x00,0x67,0,0,0
credits.vdx,1169,4058226,780567,0x00,0x67,0,0,0
credits.vdx,1170,4058234,780575,0x00,0x67,0,0,0
credits.vdx,1171,4058242,780583,0x00,0x67,0,0,0
credits.vdx,1172,4058250,780591,0x00,0x67,0,0,0
credits.vdx,1173,4058258,780599,0x00,0x67,0,0,0
credits.vdx,1174,4058266,780607,0x00,0x67,0,0,0
credits.vdx,1175,4058274,780615,0x00,0x67,0,0,0
credits.vdx,1176,4058282,780623,0x00,0x67,0,0,0
credits.vdx,1177,4058290,780631,0x00,0x67,0,0,0
credits.vdx,1178,4058298,780639,0x00,0x67,0,0,0
credits.vdx,1179,4058306,780647,0x00,0x67,0,0,0
wo_s.vdx,0,4058323,8,0x20,0x77,2423,127,7
wo_s.vdx,1,4060754,2439,0x25,0x77,2253,31,5
wo_s.vdx,2,4063015,4700,0x25,0x77,2254,15,4
wo_s.vdx,3,4065277,6962,0x25,0x77,2282,15,4
wo_s.vdx,4,4067567,9252,0x25,0x77,2160,15,4
wo_s.vdx,5,4069735,11420,0x25,0x77,2097,31,5
wo_s.vdx,6,4071840,13525,0x25,0x77,2146,31,5
wo_s.vdx,7,4073994,15679,0x25,0x77,2150,31,5
wo_s.vdx,8,4076152,17837,0x25,0x77,2056,31,5
ws_o.vdx,0,4078225,8,0x20,0x77,2319,127,7
ws_o.vdx,1,4080552,2335,0x25,0x77,2157,31,5
ws_o.vdx,2,4082717,4500,0x25,0x77,2152,31,5
ws_o.vdx,3,4084877,6660,0x25,0x77,2095,31,5
ws_o.vdx,4,4086980,8763,0x25,0x77,2171,15,4
ws_o.vdx,5,4089159,10942,0x25,0x77,2293,15,4
ws_o.vdx,6,4091460,13243,0x25,0x77,2253,31,5
ws_o.vdx,7,4093721,15504,0x25,0x77,2255,31,5
ws_o.vdx,8,4095984,17767,0x25,0x77,2316,31,5
todd.vdx,0,4098317,8,0x20,0x67,51974,0,0
hayes.vdx,0,4150308,8,0x20,0x67,51974,0,0
