filename,data_fork_offset,bytes,header_rate,chunks,still_chunks,delta_chunks,audio_chunks,zero_type_chunks,unparsed_payload_bytes,separator_hex,sha256
pid1.vdx,0x000000,224669,12,18,1,15,0,2,0,ff,c84df58a0d3acb43b24ca7d3a8628d83966b7c678d8c6e448e7860090082c599
pid2.vdx,0x036D9E,233585,12,18,1,15,0,2,0,ff,4c00e17d8ac1f825bef0f0b44f10edb88c9dc17e070804d714115482827e0ca7
title.vdx,0x06FE10,1685709,8,320,1,75,0,244,0,ff,271d3e336e32f746c921f25fc096f22078d4d08ccc7849901fda92be4c2966d9
tripro.vdx,0x20B6DE,674992,15,100,1,39,0,60,0,ff,8864ee9d5d1eb75063848eb2c285cc290d6d9671fdfa4b2fe32e1aa090daabfe
vlogo.vdx,0x2B038F,458699,15,60,1,59,0,0,0,ff,7fe007bb3466dafdb3e27e9c9964289710560751deedb6ac0a617415133d9ce9
credits.vdx,0x32035B,780655,7,1180,1,384,0,795,0,ff,f2bba9f2615d88767af4156afc63aca0f115432554d1a3cbb4723934e529a028
wo_s.vdx,0x3DECCB,19901,10,9,1,8,0,0,0,ff,1641dcd432ff70558721740afb6b7d5f13ee989b20b17e01126a9ea72cf52424
ws_o.vdx,0x3E3A89,20091,10,9,1,8,0,0,0,ff,69bce369151556408487b2beadb60c21d54736a8254dbf4c806a822ebf10ebe8
todd.vdx,0x3E8905,51990,5,1,1,0,0,0,0,ff,5fdc2de918d2778c7c05e5597c3f85badd2a0e51fbde0f3b31421146a342e322
hayes.vdx,0x3F541C,51990,5,1,1,0,0,0,0,ff,2c607d53a064feb877b42b28f72a08c32244fb36dab98c3ee37a0948f6fdae6e
