entry	working_name	status	ghidra_name	source
00401000	func_00401000	unidentified	FUN_00401000	src/functions/10/00401000_func_00401000.asm
00401161	func_00401161	unidentified	FUN_00401161	src/functions/11/00401161_func_00401161.asm
004011A3	func_004011a3	unidentified	FUN_004011a3	src/functions/11/004011a3_func_004011a3.asm
00401202	init_resource_catalog	verified-role	FUN_00401202	src/functions/12/00401202_init_resource_catalog.asm
0040136E	func_0040136e	unidentified	FUN_0040136e	src/functions/13/0040136e_func_0040136e.asm
00401449	grv_read_u8	verified-role	FUN_00401449	src/functions/14/00401449_grv_read_u8.asm
00401473	grv_read_u16_le	verified-role	FUN_00401473	src/functions/14/00401473_grv_read_u16_le.asm
004014CB	grv_read_u32_le	verified-role	FUN_004014cb	src/functions/14/004014cb_grv_read_u32_le.asm
00401572	func_00401572	unidentified	FUN_00401572	src/functions/15/00401572_func_00401572.asm
004015BF	func_004015bf	unidentified	FUN_004015bf	src/functions/15/004015bf_func_004015bf.asm
004015E6	func_004015e6	unidentified	FUN_004015e6	src/functions/15/004015e6_func_004015e6.asm
0040179B	func_0040179b	unidentified	FUN_0040179b	src/functions/17/0040179b_func_0040179b.asm
004017EE	func_004017ee	unidentified	FUN_004017ee	src/functions/17/004017ee_func_004017ee.asm
00401833	func_00401833	unidentified	FUN_00401833	src/functions/18/00401833_func_00401833.asm
00401BB3	func_00401bb3	unidentified	FUN_00401bb3	src/functions/1b/00401bb3_func_00401bb3.asm
00401BFD	func_00401bfd	unidentified	FUN_00401bfd	src/functions/1b/00401bfd_func_00401bfd.asm
00401C55	func_00401c55	unidentified	FUN_00401c55	src/functions/1c/00401c55_func_00401c55.asm
00401C99	func_00401c99	unidentified	FUN_00401c99	src/functions/1c/00401c99_func_00401c99.asm
00401CDD	func_00401cdd	unidentified	FUN_00401cdd	src/functions/1c/00401cdd_func_00401cdd.asm
00401D3A	func_00401d3a	unidentified	FUN_00401d3a	src/functions/1d/00401d3a_func_00401d3a.asm
00401F5F	func_00401f5f	unidentified	FUN_00401f5f	src/functions/1f/00401f5f_func_00401f5f.asm
00402067	func_00402067	unidentified	FUN_00402067	src/functions/20/00402067_func_00402067.asm
004020E7	func_004020e7	unidentified	FUN_004020e7	src/functions/20/004020e7_func_004020e7.asm
00402172	func_00402172	unidentified	FUN_00402172	src/functions/21/00402172_func_00402172.asm
004021D1	run_grv_vm	verified-role	FUN_004021d1	src/functions/21/004021d1_run_grv_vm.asm
00404350	init_game_subsystems	verified-role	FUN_00404350	src/functions/43/00404350_init_game_subsystems.asm
0040441D	func_0040441d	unidentified	FUN_0040441d	src/functions/44/0040441d_func_0040441d.asm
00404469	func_00404469	unidentified	FUN_00404469	src/functions/44/00404469_func_00404469.asm
00404983	func_00404983	unidentified	FUN_00404983	src/functions/49/00404983_func_00404983.asm
00404CA2	func_00404ca2	unidentified	FUN_00404ca2	src/functions/4c/00404ca2_func_00404ca2.asm
00404E80	func_00404e80	unidentified	FUN_00404e80	src/functions/4e/00404e80_func_00404e80.asm
00404EBB	func_00404ebb	unidentified	FUN_00404ebb	src/functions/4e/00404ebb_func_00404ebb.asm
00404EF6	func_00404ef6	unidentified	FUN_00404ef6	src/functions/4e/00404ef6_func_00404ef6.asm
00404F02	func_00404f02	unidentified	FUN_00404f02	src/functions/4f/00404f02_func_00404f02.asm
00404F90	func_00404f90	unidentified	FUN_00404f90	src/functions/4f/00404f90_func_00404f90.asm
00405045	func_00405045	unidentified	FUN_00405045	src/functions/50/00405045_func_00405045.asm
00405095	func_00405095	unidentified	FUN_00405095	src/functions/50/00405095_func_00405095.asm
004050AF	func_004050af	unidentified	FUN_004050af	src/functions/50/004050af_func_004050af.asm
00405291	func_00405291	unidentified	FUN_00405291	src/functions/52/00405291_func_00405291.asm
004054B4	func_004054b4	unidentified	FUN_004054b4	src/functions/54/004054b4_func_004054b4.asm
0040563C	func_0040563c	unidentified	FUN_0040563c	src/functions/56/0040563c_func_0040563c.asm
004056B2	func_004056b2	unidentified	FUN_004056b2	src/functions/56/004056b2_func_004056b2.asm
004058AF	func_004058af	unidentified	FUN_004058af	src/functions/58/004058af_func_004058af.asm
004059A7	func_004059a7	unidentified	FUN_004059a7	src/functions/59/004059a7_func_004059a7.asm
004059D7	func_004059d7	unidentified	FUN_004059d7	src/functions/59/004059d7_func_004059d7.asm
00405A24	func_00405a24	unidentified	FUN_00405a24	src/functions/5a/00405a24_func_00405a24.asm
00405B6F	func_00405b6f	unidentified	FUN_00405b6f	src/functions/5b/00405b6f_func_00405b6f.asm
00405BC2	func_00405bc2	unidentified	FUN_00405bc2	src/functions/5b/00405bc2_func_00405bc2.asm
00405C15	func_00405c15	unidentified	FUN_00405c15	src/functions/5c/00405c15_func_00405c15.asm
00405C68	func_00405c68	unidentified	FUN_00405c68	src/functions/5c/00405c68_func_00405c68.asm
00405CBB	func_00405cbb	unidentified	FUN_00405cbb	src/functions/5c/00405cbb_func_00405cbb.asm
0040604C	func_0040604c	unidentified	FUN_0040604c	src/functions/60/0040604c_func_0040604c.asm
004062FD	func_004062fd	unidentified	FUN_004062fd	src/functions/62/004062fd_func_004062fd.asm
00406324	func_00406324	unidentified	FUN_00406324	src/functions/63/00406324_func_00406324.asm
00406427	func_00406427	unidentified	FUN_00406427	src/functions/64/00406427_func_00406427.asm
004066A9	func_004066a9	unidentified	FUN_004066a9	src/functions/66/004066a9_func_004066a9.asm
00406809	func_00406809	unidentified	FUN_00406809	src/functions/68/00406809_func_00406809.asm
004068B0	func_004068b0	unidentified	FUN_004068b0	src/functions/68/004068b0_func_004068b0.asm
004069A0	func_004069a0	unidentified	FUN_004069a0	src/functions/69/004069a0_func_004069a0.asm
004069C7	func_004069c7	unidentified	FUN_004069c7	src/functions/69/004069c7_func_004069c7.asm
004069E5	dequeue_key_input	verified-role	FUN_004069e5	src/functions/69/004069e5_dequeue_key_input.asm
00406A48	func_00406a48	unidentified	FUN_00406a48	src/functions/6a/00406a48_func_00406a48.asm
00406AB0	func_00406ab0	unidentified	FUN_00406ab0	src/functions/6a/00406ab0_func_00406ab0.asm
00406AE9	func_00406ae9	unidentified	FUN_00406ae9	src/functions/6a/00406ae9_func_00406ae9.asm
00406B14	func_00406b14	unidentified	FUN_00406b14	src/functions/6b/00406b14_func_00406b14.asm
00406D16	func_00406d16	unidentified	FUN_00406d16	src/functions/6d/00406d16_func_00406d16.asm
00406D40	func_00406d40	unidentified	FUN_00406d40	src/functions/6d/00406d40_func_00406d40.asm
00406D8E	func_00406d8e	unidentified	FUN_00406d8e	src/functions/6d/00406d8e_func_00406d8e.asm
00406E28	func_00406e28	unidentified	FUN_00406e28	src/functions/6e/00406e28_func_00406e28.asm
00406FAE	func_00406fae	unidentified	FUN_00406fae	src/functions/6f/00406fae_func_00406fae.asm
00407049	func_00407049	unidentified	FUN_00407049	src/functions/70/00407049_func_00407049.asm
0040709F	func_0040709f	unidentified	FUN_0040709f	src/functions/70/0040709f_func_0040709f.asm
0040712C	func_0040712c	unidentified	FUN_0040712c	src/functions/71/0040712c_func_0040712c.asm
00407146	is_midi_sequence_playing	verified-role	FUN_00407146	src/functions/71/00407146_is_midi_sequence_playing.asm
0040716E	func_0040716e	unidentified	FUN_0040716e	src/functions/71/0040716e_func_0040716e.asm
00407188	func_00407188	unidentified	FUN_00407188	src/functions/71/00407188_func_00407188.asm
004071D4	func_004071d4	unidentified	FUN_004071d4	src/functions/71/004071d4_func_004071d4.asm
004071F2	func_004071f2	unidentified	FUN_004071f2	src/functions/71/004071f2_func_004071f2.asm
00407290	func_00407290	unidentified	FUN_00407290	src/functions/72/00407290_func_00407290.asm
004072A1	func_004072a1	unidentified	FUN_004072a1	src/functions/72/004072a1_func_004072a1.asm
00407302	func_00407302	unidentified	FUN_00407302	src/functions/73/00407302_func_00407302.asm
004074C1	func_004074c1	unidentified	FUN_004074c1	src/functions/74/004074c1_func_004074c1.asm
00407507	func_00407507	unidentified	FUN_00407507	src/functions/75/00407507_func_00407507.asm
004075AD	func_004075ad	unidentified	FUN_004075ad	src/functions/75/004075ad_func_004075ad.asm
00407638	func_00407638	unidentified	FUN_00407638	src/functions/76/00407638_func_00407638.asm
00407670	func_00407670	unidentified	FUN_00407670	src/functions/76/00407670_func_00407670.asm
0040768C	func_0040768c	unidentified	FUN_0040768c	src/functions/76/0040768c_func_0040768c.asm
00407748	func_00407748	unidentified	FUN_00407748	src/functions/77/00407748_func_00407748.asm
004077E5	func_004077e5	unidentified	FUN_004077e5	src/functions/77/004077e5_func_004077e5.asm
00407842	func_00407842	unidentified	FUN_00407842	src/functions/78/00407842_func_00407842.asm
004078B3	func_004078b3	unidentified	FUN_004078b3	src/functions/78/004078b3_func_004078b3.asm
00407931	func_00407931	unidentified	FUN_00407931	src/functions/79/00407931_func_00407931.asm
00407A76	func_00407a76	unidentified	FUN_00407a76	src/functions/7a/00407a76_func_00407a76.asm
00407AE7	func_00407ae7	unidentified	FUN_00407ae7	src/functions/7a/00407ae7_func_00407ae7.asm
00407B0D	func_00407b0d	unidentified	FUN_00407b0d	src/functions/7b/00407b0d_func_00407b0d.asm
00407B5E	func_00407b5e	unidentified	FUN_00407b5e	src/functions/7b/00407b5e_func_00407b5e.asm
00407BC2	func_00407bc2	unidentified	FUN_00407bc2	src/functions/7b/00407bc2_func_00407bc2.asm
00407C29	func_00407c29	unidentified	FUN_00407c29	src/functions/7c/00407c29_func_00407c29.asm
00407F2D	func_00407f2d	unidentified	FUN_00407f2d	src/functions/7f/00407f2d_func_00407f2d.asm
0040800D	func_0040800d	unidentified	FUN_0040800d	src/functions/80/0040800d_func_0040800d.asm
00408050	func_00408050	unidentified	FUN_00408050	src/functions/80/00408050_func_00408050.asm
004080AD	func_004080ad	unidentified	FUN_004080ad	src/functions/80/004080ad_func_004080ad.asm
004087FB	func_004087fb	unidentified	FUN_004087fb	src/functions/87/004087fb_func_004087fb.asm
0040881E	func_0040881e	unidentified	FUN_0040881e	src/functions/88/0040881e_func_0040881e.asm
00408846	func_00408846	unidentified	FUN_00408846	src/functions/88/00408846_func_00408846.asm
00408920	func_00408920	unidentified	FUN_00408920	src/functions/89/00408920_func_00408920.asm
00408A80	func_00408a80	unidentified	FUN_00408a80	src/functions/8a/00408a80_func_00408a80.asm
00408BB4	func_00408bb4	unidentified	FUN_00408bb4	src/functions/8b/00408bb4_func_00408bb4.asm
00408D00	func_00408d00	unidentified	FUN_00408d00	src/functions/8d/00408d00_func_00408d00.asm
00408D12	func_00408d12	unidentified	FUN_00408d12	src/functions/8d/00408d12_func_00408d12.asm
00408D24	func_00408d24	unidentified	FUN_00408d24	src/functions/8d/00408d24_func_00408d24.asm
00408DF6	open_loose_vdx	verified-role	FUN_00408df6	src/functions/8d/00408df6_open_loose_vdx.asm
00408E75	dispatch_game_or_loose_vdx	verified-role	FUN_00408e75	src/functions/8e/00408e75_dispatch_game_or_loose_vdx.asm
00408EB7	pump_media_and_game	verified-role	FUN_00408eb7	src/functions/8e/00408eb7_pump_media_and_game.asm
00408F10	func_00408f10	unidentified	FUN_00408f10	src/functions/8f/00408f10_func_00408f10.asm
00408F30	func_00408f30	unidentified	FUN_00408f30	src/functions/8f/00408f30_func_00408f30.asm
00409396	func_00409396	unidentified	FUN_00409396	src/functions/93/00409396_func_00409396.asm
00409503	func_00409503	unidentified	FUN_00409503	src/functions/95/00409503_func_00409503.asm
00409512	func_00409512	unidentified	FUN_00409512	src/functions/95/00409512_func_00409512.asm
004095D7	enforce_single_instance	verified-role	FUN_004095d7	src/functions/95/004095d7_enforce_single_instance.asm
0040965B	func_0040965b	unidentified	FUN_0040965b	src/functions/96/0040965b_func_0040965b.asm
00409691	fatal_media_error	verified-role	FUN_00409691	src/functions/96/00409691_fatal_media_error.asm
004096F0	shutdown_player	verified-role	FUN_004096f0	src/functions/96/004096f0_shutdown_player.asm
00409760	func_00409760	unidentified	FUN_00409760	src/functions/97/00409760_func_00409760.asm
0040977B	winmain	verified-role	FUN_0040977b	src/functions/97/0040977b_winmain.asm
00409850	setup_window_and_runtime	verified-role	FUN_00409850	src/functions/98/00409850_setup_window_and_runtime.asm
00409A90	init_game_state	verified-role	FUN_00409a90	src/functions/9a/00409a90_init_game_state.asm
00409AB6	func_00409ab6	unidentified	FUN_00409ab6	src/functions/9a/00409ab6_func_00409ab6.asm
00409B1D	func_00409b1d	unidentified	FUN_00409b1d	src/functions/9b/00409b1d_func_00409b1d.asm
00409D1E	func_00409d1e	unidentified	FUN_00409d1e	src/functions/9d/00409d1e_func_00409d1e.asm
00409D55	func_00409d55	unidentified	FUN_00409d55	src/functions/9d/00409d55_func_00409d55.asm
00409D64	func_00409d64	unidentified	FUN_00409d64	src/functions/9d/00409d64_func_00409d64.asm
00409E85	func_00409e85	unidentified	FUN_00409e85	src/functions/9e/00409e85_func_00409e85.asm
00409F0A	func_00409f0a	unidentified	FUN_00409f0a	src/functions/9f/00409f0a_func_00409f0a.asm
00409F1A	func_00409f1a	unidentified	FUN_00409f1a	src/functions/9f/00409f1a_func_00409f1a.asm
0040A29F	func_0040a29f	unidentified	FUN_0040a29f	src/functions/a2/0040a29f_func_0040a29f.asm
0040A39F	func_0040a39f	unidentified	FUN_0040a39f	src/functions/a3/0040a39f_func_0040a39f.asm
0040A3EE	func_0040a3ee	unidentified	FUN_0040a3ee	src/functions/a3/0040a3ee_func_0040a3ee.asm
0040A430	func_0040a430	unidentified	FUN_0040a430	src/functions/a4/0040a430_func_0040a430.asm
0040A73A	func_0040a73a	unidentified	FUN_0040a73a	src/functions/a7/0040a73a_func_0040a73a.asm
0040A786	func_0040a786	unidentified	FUN_0040a786	src/functions/a7/0040a786_func_0040a786.asm
0040A7AA	func_0040a7aa	unidentified	FUN_0040a7aa	src/functions/a7/0040a7aa_func_0040a7aa.asm
0040A84B	func_0040a84b	unidentified	FUN_0040a84b	src/functions/a8/0040a84b_func_0040a84b.asm
0040AA45	func_0040aa45	unidentified	FUN_0040aa45	src/functions/aa/0040aa45_func_0040aa45.asm
0040AB84	func_0040ab84	unidentified	FUN_0040ab84	src/functions/ab/0040ab84_func_0040ab84.asm
0040B198	func_0040b198	unidentified	FUN_0040b198	src/functions/b1/0040b198_func_0040b198.asm
0040BFF4	func_0040bff4	unidentified	FUN_0040bff4	src/functions/bf/0040bff4_func_0040bff4.asm
0040C0BB	func_0040c0bb	unidentified	FUN_0040c0bb	src/functions/c0/0040c0bb_func_0040c0bb.asm
0040C0E7	load_script_grv	verified-role	FUN_0040c0e7	src/functions/c0/0040c0e7_load_script_grv.asm
0040C129	func_0040c129	unidentified	FUN_0040c129	src/functions/c1/0040c129_func_0040c129.asm
0040C180	init_archive_tables	verified-role	FUN_0040c180	src/functions/c1/0040c180_init_archive_tables.asm
0040C197	func_0040c197	unidentified	FUN_0040c197	src/functions/c1/0040c197_func_0040c197.asm
0040C1BD	configure_vdx_stream	verified-role	FUN_0040c1bd	src/functions/c1/0040c1bd_configure_vdx_stream.asm
0040C261	decode_vdx_stream	verified-role	FUN_0040c261	src/functions/c2/0040c261_decode_vdx_stream.asm
0040C6A5	func_0040c6a5	unidentified	FUN_0040c6a5	src/functions/c6/0040c6a5_func_0040c6a5.asm
0040C780	func_0040c780	unidentified	FUN_0040c780	src/functions/c7/0040c780_func_0040c780.asm
0040C79C	func_0040c79c	unidentified	FUN_0040c79c	src/functions/c7/0040c79c_func_0040c79c.asm
0040C7C3	func_0040c7c3	unidentified	FUN_0040c7c3	src/functions/c7/0040c7c3_func_0040c7c3.asm
0040C996	func_0040c996	unidentified	DirectDrawCreate	src/functions/c9/0040c996_func_0040c996.asm
0040C9A0	func_0040c9a0	unidentified	FUN_0040c9a0	src/functions/c9/0040c9a0_func_0040c9a0.asm
0040CA10	func_0040ca10	unidentified	FUN_0040ca10	src/functions/ca/0040ca10_func_0040ca10.asm
0040CD50	func_0040cd50	unidentified	FUN_0040cd50	src/functions/cd/0040cd50_func_0040cd50.asm
0040CDC0	func_0040cdc0	unidentified	FUN_0040cdc0	src/functions/cd/0040cdc0_func_0040cdc0.asm
0040CDE0	func_0040cde0	unidentified	FUN_0040cde0	src/functions/cd/0040cde0_func_0040cde0.asm
0040CE30	func_0040ce30	unidentified	FUN_0040ce30	src/functions/ce/0040ce30_func_0040ce30.asm
0040CE90	func_0040ce90	unidentified	_strncmp	src/functions/ce/0040ce90_func_0040ce90.asm
0040CED0	func_0040ced0	unidentified	FUN_0040ced0	src/functions/ce/0040ced0_func_0040ced0.asm
0040CF10	func_0040cf10	unidentified	FUN_0040cf10	src/functions/cf/0040cf10_func_0040cf10.asm
0040CF80	func_0040cf80	unidentified	FUN_0040cf80	src/functions/cf/0040cf80_func_0040cf80.asm
0040CFC0	func_0040cfc0	unidentified	FUN_0040cfc0	src/functions/cf/0040cfc0_func_0040cfc0.asm
0040D110	func_0040d110	unidentified	FUN_0040d110	src/functions/d1/0040d110_func_0040d110.asm
0040D150	func_0040d150	unidentified	FUN_0040d150	src/functions/d1/0040d150_func_0040d150.asm
0040D170	func_0040d170	unidentified	FUN_0040d170	src/functions/d1/0040d170_func_0040d170.asm
0040D1B0	func_0040d1b0	unidentified	FUN_0040d1b0	src/functions/d1/0040d1b0_func_0040d1b0.asm
0040D2F0	func_0040d2f0	unidentified	FUN_0040d2f0	src/functions/d2/0040d2f0_func_0040d2f0.asm
0040D3C0	func_0040d3c0	unidentified	FUN_0040d3c0	src/functions/d3/0040d3c0_func_0040d3c0.asm
0040D470	func_0040d470	unidentified	_memset	src/functions/d4/0040d470_func_0040d470.asm
0040D4D0	func_0040d4d0	unidentified	_strlen	src/functions/d4/0040d4d0_func_0040d4d0.asm
0040D550	func_0040d550	unidentified	FUN_0040d550	src/functions/d5/0040d550_func_0040d550.asm
0040D5C0	func_0040d5c0	unidentified	FUN_0040d5c0	src/functions/d5/0040d5c0_func_0040d5c0.asm
0040D5F0	func_0040d5f0	unidentified	FUN_0040d5f0	src/functions/d5/0040d5f0_func_0040d5f0.asm
0040D610	func_0040d610	unidentified	__exit	src/functions/d6/0040d610_func_0040d610.asm
0040D650	func_0040d650	unidentified	FUN_0040d650	src/functions/d6/0040d650_func_0040d650.asm
0040D710	func_0040d710	unidentified	FUN_0040d710	src/functions/d7/0040d710_func_0040d710.asm
0040D720	func_0040d720	unidentified	FUN_0040d720	src/functions/d7/0040d720_func_0040d720.asm
0040D730	func_0040d730	unidentified	FUN_0040d730	src/functions/d7/0040d730_func_0040d730.asm
0040D750	func_0040d750	unidentified	FUN_0040d750	src/functions/d7/0040d750_func_0040d750.asm
0040D780	func_0040d780	unidentified	FUN_0040d780	src/functions/d7/0040d780_func_0040d780.asm
0040D790	func_0040d790	unidentified	FUN_0040d790	src/functions/d7/0040d790_func_0040d790.asm
0040D7B0	func_0040d7b0	unidentified	FUN_0040d7b0	src/functions/d7/0040d7b0_func_0040d7b0.asm
0040D7C0	func_0040d7c0	unidentified	FUN_0040d7c0	src/functions/d7/0040d7c0_func_0040d7c0.asm
0040D8A0	strcmp_runtime	verified-role	_strcmp	src/functions/d8/0040d8a0_strcmp_runtime.asm
0040D930	func_0040d930	unidentified	FUN_0040d930	src/functions/d9/0040d930_func_0040d930.asm
0040D950	func_0040d950	unidentified	FUN_0040d950	src/functions/d9/0040d950_func_0040d950.asm
0040D9F0	func_0040d9f0	unidentified	_strrchr	src/functions/d9/0040d9f0_func_0040d9f0.asm
0040DA18	func_0040da18	unidentified	__global_unwind2	src/functions/da/0040da18_func_0040da18.asm
0040DA5A	func_0040da5a	unidentified	__local_unwind2	src/functions/da/0040da5a_func_0040da5a.asm
0040DAEE	func_0040daee	unidentified	FUN_0040daee	src/functions/da/0040daee_func_0040daee.asm
0040DBCD	func_0040dbcd	unidentified	FUN_0040dbcd	src/functions/db/0040dbcd_func_0040dbcd.asm
0040DBF0	pe_entry	verified-role	entry	src/functions/db/0040dbf0_pe_entry.asm
0040DDA0	func_0040dda0	unidentified	__amsg_exit	src/functions/dd/0040dda0_func_0040dda0.asm
0040DDD0	func_0040ddd0	unidentified	FUN_0040ddd0	src/functions/dd/0040ddd0_func_0040ddd0.asm
0040DE50	func_0040de50	unidentified	FUN_0040de50	src/functions/de/0040de50_func_0040de50.asm
0040DF00	func_0040df00	unidentified	FUN_0040df00	src/functions/df/0040df00_func_0040df00.asm
0040DF80	func_0040df80	unidentified	FUN_0040df80	src/functions/df/0040df80_func_0040df80.asm
0040DFA0	func_0040dfa0	unidentified	FUN_0040dfa0	src/functions/df/0040dfa0_func_0040dfa0.asm
0040DFE0	func_0040dfe0	unidentified	FUN_0040dfe0	src/functions/df/0040dfe0_func_0040dfe0.asm
0040E010	func_0040e010	unidentified	FUN_0040e010	src/functions/e0/0040e010_func_0040e010.asm
0040E050	func_0040e050	unidentified	FUN_0040e050	src/functions/e0/0040e050_func_0040e050.asm
0040E0D0	func_0040e0d0	unidentified	FUN_0040e0d0	src/functions/e0/0040e0d0_func_0040e0d0.asm
0040E240	func_0040e240	unidentified	FUN_0040e240	src/functions/e2/0040e240_func_0040e240.asm
0040E2A0	func_0040e2a0	unidentified	FUN_0040e2a0	src/functions/e2/0040e2a0_func_0040e2a0.asm
0040E370	func_0040e370	unidentified	FUN_0040e370	src/functions/e3/0040e370_func_0040e370.asm
0040E3D0	func_0040e3d0	unidentified	FUN_0040e3d0	src/functions/e3/0040e3d0_func_0040e3d0.asm
0040E430	func_0040e430	unidentified	FUN_0040e430	src/functions/e4/0040e430_func_0040e430.asm
0040E670	func_0040e670	unidentified	FUN_0040e670	src/functions/e6/0040e670_func_0040e670.asm
0040E7F0	func_0040e7f0	unidentified	FUN_0040e7f0	src/functions/e7/0040e7f0_func_0040e7f0.asm
0040EA90	func_0040ea90	unidentified	FUN_0040ea90	src/functions/ea/0040ea90_func_0040ea90.asm
0040EBC0	func_0040ebc0	unidentified	FUN_0040ebc0	src/functions/eb/0040ebc0_func_0040ebc0.asm
0040F550	func_0040f550	unidentified	FUN_0040f550	src/functions/f5/0040f550_func_0040f550.asm
0040F5A0	func_0040f5a0	unidentified	FUN_0040f5a0	src/functions/f5/0040f5a0_func_0040f5a0.asm
0040F5E0	func_0040f5e0	unidentified	FUN_0040f5e0	src/functions/f5/0040f5e0_func_0040f5e0.asm
0040F620	func_0040f620	unidentified	FUN_0040f620	src/functions/f6/0040f620_func_0040f620.asm
0040F640	func_0040f640	unidentified	FUN_0040f640	src/functions/f6/0040f640_func_0040f640.asm
0040F660	func_0040f660	unidentified	FUN_0040f660	src/functions/f6/0040f660_func_0040f660.asm
0040F6C0	func_0040f6c0	unidentified	FUN_0040f6c0	src/functions/f6/0040f6c0_func_0040f6c0.asm
0040F6E0	func_0040f6e0	unidentified	FUN_0040f6e0	src/functions/f6/0040f6e0_func_0040f6e0.asm
0040F750	func_0040f750	unidentified	FUN_0040f750	src/functions/f7/0040f750_func_0040f750.asm
0040F7E0	func_0040f7e0	unidentified	FUN_0040f7e0	src/functions/f7/0040f7e0_func_0040f7e0.asm
0040F8A0	func_0040f8a0	unidentified	FUN_0040f8a0	src/functions/f8/0040f8a0_func_0040f8a0.asm
0040F9E0	func_0040f9e0	unidentified	FUN_0040f9e0	src/functions/f9/0040f9e0_func_0040f9e0.asm
0040FA60	func_0040fa60	unidentified	FUN_0040fa60	src/functions/fa/0040fa60_func_0040fa60.asm
0040FC70	func_0040fc70	unidentified	FUN_0040fc70	src/functions/fc/0040fc70_func_0040fc70.asm
0040FE40	func_0040fe40	unidentified	FUN_0040fe40	src/functions/fe/0040fe40_func_0040fe40.asm
0040FF20	func_0040ff20	unidentified	FUN_0040ff20	src/functions/ff/0040ff20_func_0040ff20.asm
00410010	func_00410010	unidentified	FUN_00410010	src/functions/00/00410010_func_00410010.asm
00410090	func_00410090	unidentified	FUN_00410090	src/functions/00/00410090_func_00410090.asm
00410C90	func_00410c90	unidentified	FUN_00410c90	src/functions/0c/00410c90_func_00410c90.asm
00410D90	func_00410d90	unidentified	FUN_00410d90	src/functions/0d/00410d90_func_00410d90.asm
00410E10	func_00410e10	unidentified	FUN_00410e10	src/functions/0e/00410e10_func_00410e10.asm
00410E20	func_00410e20	unidentified	FUN_00410e20	src/functions/0e/00410e20_func_00410e20.asm
00410E30	func_00410e30	unidentified	FUN_00410e30	src/functions/0e/00410e30_func_00410e30.asm
00410FA0	func_00410fa0	unidentified	FUN_00410fa0	src/functions/0f/00410fa0_func_00410fa0.asm
00411050	func_00411050	unidentified	FUN_00411050	src/functions/10/00411050_func_00411050.asm
004110F0	func_004110f0	unidentified	FUN_004110f0	src/functions/10/004110f0_func_004110f0.asm
004111F0	func_004111f0	unidentified	FUN_004111f0	src/functions/11/004111f0_func_004111f0.asm
00411260	func_00411260	unidentified	FUN_00411260	src/functions/12/00411260_func_00411260.asm
00411290	func_00411290	unidentified	FUN_00411290	src/functions/12/00411290_func_00411290.asm
00411310	func_00411310	unidentified	FUN_00411310	src/functions/13/00411310_func_00411310.asm
00411390	func_00411390	unidentified	FUN_00411390	src/functions/13/00411390_func_00411390.asm
00411600	func_00411600	unidentified	FUN_00411600	src/functions/16/00411600_func_00411600.asm
00411800	func_00411800	unidentified	FUN_00411800	src/functions/18/00411800_func_00411800.asm
00411870	func_00411870	unidentified	FUN_00411870	src/functions/18/00411870_func_00411870.asm
00411C50	func_00411c50	unidentified	FUN_00411c50	src/functions/1c/00411c50_func_00411c50.asm
00411CC0	func_00411cc0	unidentified	FUN_00411cc0	src/functions/1c/00411cc0_func_00411cc0.asm
00411D00	func_00411d00	unidentified	FUN_00411d00	src/functions/1d/00411d00_func_00411d00.asm
00411DF0	func_00411df0	unidentified	FUN_00411df0	src/functions/1d/00411df0_func_00411df0.asm
00411E90	func_00411e90	unidentified	FUN_00411e90	src/functions/1e/00411e90_func_00411e90.asm
004122A0	func_004122a0	unidentified	FUN_004122a0	src/functions/22/004122a0_func_004122a0.asm
00412400	func_00412400	unidentified	FUN_00412400	src/functions/24/00412400_func_00412400.asm
00412620	func_00412620	unidentified	FUN_00412620	src/functions/26/00412620_func_00412620.asm
00412670	func_00412670	unidentified	FUN_00412670	src/functions/26/00412670_func_00412670.asm
004126D0	func_004126d0	unidentified	FUN_004126d0	src/functions/26/004126d0_func_004126d0.asm
00412710	func_00412710	unidentified	FUN_00412710	src/functions/27/00412710_func_00412710.asm
00412720	func_00412720	unidentified	FUN_00412720	src/functions/27/00412720_func_00412720.asm
004127B0	func_004127b0	unidentified	FUN_004127b0	src/functions/27/004127b0_func_004127b0.asm
004127D0	func_004127d0	unidentified	FUN_004127d0	src/functions/27/004127d0_func_004127d0.asm
00412910	func_00412910	unidentified	FUN_00412910	src/functions/29/00412910_func_00412910.asm
00412950	func_00412950	unidentified	FUN_00412950	src/functions/29/00412950_func_00412950.asm
00412C40	func_00412c40	unidentified	FUN_00412c40	src/functions/2c/00412c40_func_00412c40.asm
00412CA0	func_00412ca0	unidentified	FUN_00412ca0	src/functions/2c/00412ca0_func_00412ca0.asm
00412CD0	func_00412cd0	unidentified	FUN_00412cd0	src/functions/2c/00412cd0_func_00412cd0.asm
00412D40	func_00412d40	unidentified	FUN_00412d40	src/functions/2d/00412d40_func_00412d40.asm
00412DC0	func_00412dc0	unidentified	__aulldiv	src/functions/2d/00412dc0_func_00412dc0.asm
00412E30	func_00412e30	unidentified	__aullrem	src/functions/2e/00412e30_func_00412e30.asm
00412F70	func_00412f70	unidentified	FUN_00412f70	src/functions/2f/00412f70_func_00412f70.asm
004133C0	func_004133c0	unidentified	FUN_004133c0	src/functions/33/004133c0_func_004133c0.asm
00413740	func_00413740	unidentified	FUN_00413740	src/functions/37/00413740_func_00413740.asm
00413980	func_00413980	unidentified	FUN_00413980	src/functions/39/00413980_func_00413980.asm
00413C80	func_00413c80	unidentified	FUN_00413c80	src/functions/3c/00413c80_func_00413c80.asm
00413DB0	func_00413db0	unidentified	FUN_00413db0	src/functions/3d/00413db0_func_00413db0.asm
00413F00	func_00413f00	unidentified	FUN_00413f00	src/functions/3f/00413f00_func_00413f00.asm
00413F40	func_00413f40	unidentified	FUN_00413f40	src/functions/3f/00413f40_func_00413f40.asm
00414280	func_00414280	unidentified	_strncpy	src/functions/42/00414280_func_00414280.asm
00414380	func_00414380	unidentified	_strcspn	src/functions/43/00414380_func_00414380.asm
004143C0	func_004143c0	unidentified	_strpbrk	src/functions/43/004143c0_func_004143c0.asm
00414900	func_00414900	unidentified	FUN_00414900	src/functions/49/00414900_func_00414900.asm
00414B10	func_00414b10	unidentified	FUN_00414b10	src/functions/4b/00414b10_func_00414b10.asm
00414B50	func_00414b50	unidentified	FUN_00414b50	src/functions/4b/00414b50_func_00414b50.asm
00414D70	func_00414d70	unidentified	FUN_00414d70	src/functions/4d/00414d70_func_00414d70.asm
00414DA0	func_00414da0	unidentified	FUN_00414da0	src/functions/4d/00414da0_func_00414da0.asm
00414E40	func_00414e40	unidentified	FUN_00414e40	src/functions/4e/00414e40_func_00414e40.asm
00414E90	func_00414e90	unidentified	FUN_00414e90	src/functions/4e/00414e90_func_00414e90.asm
00414F60	func_00414f60	unidentified	FUN_00414f60	src/functions/4f/00414f60_func_00414f60.asm
00414FF0	func_00414ff0	unidentified	FUN_00414ff0	src/functions/4f/00414ff0_func_00414ff0.asm
00415280	func_00415280	unidentified	FUN_00415280	src/functions/52/00415280_func_00415280.asm
00415530	func_00415530	unidentified	FUN_00415530	src/functions/55/00415530_func_00415530.asm
00415550	func_00415550	unidentified	FUN_00415550	src/functions/55/00415550_func_00415550.asm
00415600	func_00415600	unidentified	FUN_00415600	src/functions/56/00415600_func_00415600.asm
00415730	func_00415730	unidentified	FUN_00415730	src/functions/57/00415730_func_00415730.asm
004157B0	func_004157b0	unidentified	FUN_004157b0	src/functions/57/004157b0_func_004157b0.asm
00415FC0	func_00415fc0	unidentified	FUN_00415fc0	src/functions/5f/00415fc0_func_00415fc0.asm
00416560	func_00416560	unidentified	FUN_00416560	src/functions/65/00416560_func_00416560.asm
00416590	func_00416590	unidentified	FUN_00416590	src/functions/65/00416590_func_00416590.asm
00416630	func_00416630	unidentified	FUN_00416630	src/functions/66/00416630_func_00416630.asm
004166A0	func_004166a0	unidentified	FUN_004166a0	src/functions/66/004166a0_func_004166a0.asm
004169F0	func_004169f0	unidentified	FUN_004169f0	src/functions/69/004169f0_func_004169f0.asm
00416BB0	func_00416bb0	unidentified	FUN_00416bb0	src/functions/6b/00416bb0_func_00416bb0.asm
00416D40	func_00416d40	unidentified	FUN_00416d40	src/functions/6d/00416d40_func_00416d40.asm
00417090	func_00417090	unidentified	FUN_00417090	src/functions/70/00417090_func_00417090.asm
004171C0	func_004171c0	unidentified	FUN_004171c0	src/functions/71/004171c0_func_004171c0.asm
00417320	func_00417320	unidentified	FUN_00417320	src/functions/73/00417320_func_00417320.asm
00417520	func_00417520	unidentified	FUN_00417520	src/functions/75/00417520_func_00417520.asm
004176B0	func_004176b0	unidentified	_strchr	src/functions/76/004176b0_func_004176b0.asm
004177E0	func_004177e0	unidentified	FUN_004177e0	src/functions/77/004177e0_func_004177e0.asm
00417850	func_00417850	unidentified	FUN_00417850	src/functions/78/00417850_func_00417850.asm
00417880	func_00417880	unidentified	FUN_00417880	src/functions/78/00417880_func_00417880.asm
004178E0	func_004178e0	unidentified	FUN_004178e0	src/functions/78/004178e0_func_004178e0.asm
00418000	func_00418000	unidentified	FUN_00418000	src/functions/80/00418000_func_00418000.asm
00418340	func_00418340	unidentified	FUN_00418340	src/functions/83/00418340_func_00418340.asm
004183D0	func_004183d0	unidentified	FUN_004183d0	src/functions/83/004183d0_func_004183d0.asm
00418450	func_00418450	unidentified	FUN_00418450	src/functions/84/00418450_func_00418450.asm
00418520	func_00418520	unidentified	FUN_00418520	src/functions/85/00418520_func_00418520.asm
004185A0	func_004185a0	unidentified	FUN_004185a0	src/functions/85/004185a0_func_004185a0.asm
00418790	func_00418790	unidentified	FUN_00418790	src/functions/87/00418790_func_00418790.asm
00418800	func_00418800	unidentified	FUN_00418800	src/functions/88/00418800_func_00418800.asm
00418890	func_00418890	unidentified	FUN_00418890	src/functions/88/00418890_func_00418890.asm
004188D0	func_004188d0	unidentified	FUN_004188d0	src/functions/88/004188d0_func_004188d0.asm
00418BA0	func_00418ba0	unidentified	FUN_00418ba0	src/functions/8b/00418ba0_func_00418ba0.asm
00418E70	func_00418e70	unidentified	FUN_00418e70	src/functions/8e/00418e70_func_00418e70.asm
00418EA0	func_00418ea0	unidentified	FUN_00418ea0	src/functions/8e/00418ea0_func_00418ea0.asm
004190B0	func_004190b0	unidentified	FUN_004190b0	src/functions/90/004190b0_func_004190b0.asm
00419130	func_00419130	unidentified	FUN_00419130	src/functions/91/00419130_func_00419130.asm
004191A0	func_004191a0	unidentified	FUN_004191a0	src/functions/91/004191a0_func_004191a0.asm
00419350	func_00419350	unidentified	FUN_00419350	src/functions/93/00419350_func_00419350.asm
004194A2	func_004194a2	unidentified	RtlUnwind	src/functions/94/004194a2_func_004194a2.asm
