entry	name	body
1000:0000	entry	[[1000:0000, 1000:007b] [1000:007e, 1000:0088]]
1000:0089	FUN_1000_0089	[[1000:0089, 1000:00d0]]
1000:00d1	FUN_1000_00d1	[[1000:00d1, 1000:01e0]]
1000:01e1	FUN_1000_01e1	[[1000:01e1, 1000:0209]]
1000:020a	FUN_1000_020a	[[1000:020a, 1000:021a]]
1000:021b	FUN_1000_021b	[[1000:021b, 1000:02bf]]
1000:02c0	FUN_1000_02c0	[[1000:02c0, 1000:030d]]
1000:030e	FUN_1000_030e	[[1000:030e, 1000:0382] [1000:0385, 1000:038d] [1000:0390, 1000:039b] [1000:039e, 1000:040c]]
1000:040d	FUN_1000_040d	[[1000:040d, 1000:0475]]
1000:0476	FUN_1000_0476	[[1000:0476, 1000:0500]]
1000:0501	FUN_1000_0501	[[1000:0501, 1000:0586]]
1000:0587	FUN_1000_0587	[[1000:0587, 1000:05e6] [1000:05e9, 1000:0c49] [1000:0c4c, 1000:0f32]]
1000:0f33	FUN_1000_0f33	[[1000:0f33, 1000:0fc5]]
1000:0fc6	FUN_1000_0fc6	[[1000:0fc6, 1000:1059]]
1000:105a	FUN_1000_105a	[[1000:105a, 1000:1216] [1000:1218, 1000:1234] [1000:1236, 1000:127c] [1000:127e, 1000:12bc] [1000:12c1, 1000:1396] [1000:1398, 1000:168e] [1000:1691, 1000:169a] [1000:169c, 1000:1ed2] [1000:1ed5, 1000:1fe6] [1000:1fe8, 1000:205c] [1000:205e, 1000:207a] [1000:207c, 1000:210a] [1000:210c, 1000:2174] [1000:2178, 1000:2180] [1000:2182, 1000:2218] [1000:2260, 1000:2288] [1000:228a, 1000:22a6] [1000:22a8, 1000:22e0] [1000:22e2, 1000:2303] [1000:2306, 1000:230e]]
1000:230f	FUN_1000_230f	[[1000:230f, 1000:2369]]
1000:236a	FUN_1000_236a	[[1000:236a, 1000:23a4]]
1000:23a5	FUN_1000_23a5	[[1000:23a5, 1000:2590]]
1000:2591	FUN_1000_2591	[[1000:2591, 1000:26e4]]
1000:26e5	FUN_1000_26e5	[[1000:26e5, 1000:276c]]
1000:276d	FUN_1000_276d	[[1000:276d, 1000:2821]]
1000:2822	FUN_1000_2822	[[1000:2822, 1000:285c]]
1000:285d	FUN_1000_285d	[[1000:285d, 1000:2895]]
1000:2896	FUN_1000_2896	[[1000:2896, 1000:28ac]]
1000:28ad	FUN_1000_28ad	[[1000:28ad, 1000:28d8] [1000:28db, 1000:292e] [1000:2931, 1000:293a]]
1000:293b	FUN_1000_293b	[[1000:293b, 1000:2992] [1000:2995, 1000:2996]]
1000:2997	FUN_1000_2997	[[1000:2997, 1000:2be7]]
1000:2c32	FUN_1000_2c32	[[1000:2c32, 1000:2cbf] [1000:2ce9, 1000:2cf4] [1000:2d09, 1000:2d4e]]
1000:2d50	FUN_1000_2d50	[[1000:2d50, 1000:2d58]]
1000:2d5a	FUN_1000_2d5a	[[1000:2d5a, 1000:2d79]]
1000:2f6a	FUN_1000_2f6a	[[1000:2f6a, 1000:2f82]]
1000:2f84	FUN_1000_2f84	[[1000:2f84, 1000:33b6]]
1000:33b7	FUN_1000_33b7	[[1000:33b7, 1000:33fe]]
1000:33ff	FUN_1000_33ff	[[1000:33ff, 1000:3419]]
1000:341a	FUN_1000_341a	[[1000:341a, 1000:3452]]
1000:345e	FUN_1000_345e	[[1000:345e, 1000:348b]]
1000:348c	FUN_1000_348c	[[1000:348c, 1000:34a4]]
1000:34a5	FUN_1000_34a5	[[1000:34a5, 1000:3589]]
1000:358a	FUN_1000_358a	[[1000:358a, 1000:358f]]
1000:3590	FUN_1000_3590	[[1000:3590, 1000:3670]]
1000:3671	FUN_1000_3671	[[1000:3671, 1000:3687]]
1000:368c	FUN_1000_368c	[[1000:368c, 1000:36d1]]
1000:36d2	FUN_1000_36d2	[[1000:36d2, 1000:3755]]
1000:3756	FUN_1000_3756	[[1000:3756, 1000:3769]]
1000:376a	FUN_1000_376a	[[1000:376a, 1000:3773]]
1000:3774	FUN_1000_3774	[[1000:3774, 1000:377d]]
1000:377e	FUN_1000_377e	[[1000:377e, 1000:3784]]
1000:378f	FUN_1000_378f	[[1000:378f, 1000:382c]]
1000:382d	FUN_1000_382d	[[1000:382d, 1000:3837]]
1000:3838	FUN_1000_3838	[[1000:3838, 1000:3889]]
1000:388a	FUN_1000_388a	[[1000:388a, 1000:3936]]
1000:3941	FUN_1000_3941	[[1000:3941, 1000:39ed]]
1000:39ee	FUN_1000_39ee	[[1000:39ee, 1000:39f7]]
1000:39f8	FUN_1000_39f8	[[1000:39f8, 1000:3a30]]
1000:3a31	FUN_1000_3a31	[[1000:3a31, 1000:3a46]]
1000:3a47	FUN_1000_3a47	[[1000:3a47, 1000:3a50]]
1000:3a51	FUN_1000_3a51	[[1000:3a51, 1000:3a5a]]
1000:3a5b	FUN_1000_3a5b	[[1000:3a5b, 1000:3a95]]
1000:3ac4	FUN_1000_3ac4	[[1000:3ac4, 1000:3b12] [1000:3b16, 1000:3cbe] [1000:3cc2, 1000:3e43]]
1000:3e44	FUN_1000_3e44	[[1000:3e44, 1000:3e84]]
1000:3e85	FUN_1000_3e85	[[1000:3e85, 1000:3eb7]]
1000:3eb8	FUN_1000_3eb8	[[1000:3eb8, 1000:3ee9]]
1000:3eea	FUN_1000_3eea	[[1000:3eea, 1000:3f22]]
1000:3f23	FUN_1000_3f23	[[1000:3f23, 1000:3f76]]
1000:3f77	FUN_1000_3f77	[[1000:3f77, 1000:3fc3]]
1000:3fc4	FUN_1000_3fc4	[[1000:3fc4, 1000:4000]]
1000:4001	FUN_1000_4001	[[1000:4001, 1000:4003]]
1000:4004	FUN_1000_4004	[[1000:4004, 1000:4009]]
1000:400a	FUN_1000_400a	[[1000:400a, 1000:4015]]
1000:4016	FUN_1000_4016	[[1000:4016, 1000:4086]]
1000:4087	FUN_1000_4087	[[1000:4087, 1000:409a]]
1000:409b	FUN_1000_409b	[[1000:409b, 1000:40b1]]
1000:40b2	FUN_1000_40b2	[[1000:40b2, 1000:40c6]]
1000:40c7	FUN_1000_40c7	[[1000:40c7, 1000:40de]]
1000:40df	FUN_1000_40df	[[1000:40df, 1000:40f6]]
1000:40f7	FUN_1000_40f7	[[1000:40f7, 1000:4102]]
1000:4103	FUN_1000_4103	[[1000:4103, 1000:410e]]
1000:410f	FUN_1000_410f	[[1000:410f, 1000:41a3]]
1000:41a4	FUN_1000_41a4	[[1000:41a4, 1000:41ca]]
1000:41cb	FUN_1000_41cb	[[1000:41cb, 1000:41de]]
1000:41df	FUN_1000_41df	[[1000:41df, 1000:41f7]]
1000:41f8	FUN_1000_41f8	[[1000:41f8, 1000:421d]]
1000:421e	FUN_1000_421e	[[1000:421e, 1000:4243]]
1000:4244	FUN_1000_4244	[[1000:4244, 1000:4269]]
1000:426a	FUN_1000_426a	[[1000:426a, 1000:4291]]
1000:4292	FUN_1000_4292	[[1000:4292, 1000:42b0]]
1000:42b1	FUN_1000_42b1	[[1000:42b1, 1000:42ca]]
1000:42cb	FUN_1000_42cb	[[1000:42cb, 1000:42f0]]
1000:42f1	FUN_1000_42f1	[[1000:42f1, 1000:4326]]
1000:4327	FUN_1000_4327	[[1000:4327, 1000:432a]]
1000:432b	FUN_1000_432b	[[1000:432b, 1000:4374]]
1000:4375	FUN_1000_4375	[[1000:4375, 1000:43c8]]
1000:43c9	FUN_1000_43c9	[[1000:43c9, 1000:43d1]]
1000:43d2	FUN_1000_43d2	[[1000:43d2, 1000:4405]]
1000:4406	FUN_1000_4406	[[1000:4406, 1000:4439]]
1000:443a	FUN_1000_443a	[[1000:443a, 1000:4449]]
1000:444a	FUN_1000_444a	[[1000:444a, 1000:4450]]
1000:4451	FUN_1000_4451	[[1000:4451, 1000:4460]]
1000:4461	FUN_1000_4461	[[1000:4461, 1000:447a]]
1000:447b	FUN_1000_447b	[[1000:447b, 1000:46f4]]
1000:46f5	FUN_1000_46f5	[[1000:46f5, 1000:470f]]
1000:4710	FUN_1000_4710	[[1000:4710, 1000:4728]]
1000:4729	FUN_1000_4729	[[1000:4729, 1000:4753]]
1000:4754	FUN_1000_4754	[[1000:4754, 1000:475d]]
1000:475e	FUN_1000_475e	[[1000:475e, 1000:4767]]
1000:4768	FUN_1000_4768	[[1000:4768, 1000:4771]]
1000:4772	FUN_1000_4772	[[1000:4772, 1000:477b]]
1000:477c	FUN_1000_477c	[[1000:477c, 1000:478b]]
1000:478c	FUN_1000_478c	[[1000:478c, 1000:479b]]
1000:479c	FUN_1000_479c	[[1000:479c, 1000:47ab]]
1000:47ac	FUN_1000_47ac	[[1000:47ac, 1000:47bb]]
1000:47bc	FUN_1000_47bc	[[1000:47bc, 1000:47cb]]
1000:47cc	FUN_1000_47cc	[[1000:47cc, 1000:47db]]
1000:47dc	FUN_1000_47dc	[[1000:47dc, 1000:483d] [1000:4840, 1000:4848]]
1000:4849	FUN_1000_4849	[[1000:4849, 1000:48c8]]
1000:48c9	FUN_1000_48c9	[[1000:48c9, 1000:4956]]
1000:4957	FUN_1000_4957	[[1000:4957, 1000:495c]]
1000:495d	FUN_1000_495d	[[1000:495d, 1000:4967]]
1000:4980	FUN_1000_4980	[[1000:4980, 1000:4a22]]
1000:4a23	FUN_1000_4a23	[[1000:4a23, 1000:4a54]]
1000:4a55	FUN_1000_4a55	[[1000:4a55, 1000:4a7a]]
1000:4a7b	FUN_1000_4a7b	[[1000:4a7b, 1000:4b67] [1000:4b6b, 1000:4bab] [1000:4bae, 1000:4bf4]]
1000:4bf5	FUN_1000_4bf5	[[1000:4bf5, 1000:4c26]]
1000:4c27	FUN_1000_4c27	[[1000:4c27, 1000:4cd1]]
1000:4cd2	FUN_1000_4cd2	[[1000:4cd2, 1000:4d8b]]
1000:4d8c	FUN_1000_4d8c	[[1000:4d8c, 1000:4e1e]]
1000:4e1f	FUN_1000_4e1f	[[1000:4e1f, 1000:4ead]]
1000:4eae	FUN_1000_4eae	[[1000:4eae, 1000:4fc6]]
1000:4fc7	FUN_1000_4fc7	[[1000:4fc7, 1000:4fea]]
1000:4feb	FUN_1000_4feb	[[1000:4feb, 1000:4ff5]]
1000:4ff6	FUN_1000_4ff6	[[1000:4ff6, 1000:500f]]
1000:5010	FUN_1000_5010	[[1000:5010, 1000:5017]]
1000:5018	FUN_1000_5018	[[1000:5018, 1000:5056]]
1000:5057	FUN_1000_5057	[[1000:5057, 1000:518f] [1000:5192, 1000:519b] [1000:519e, 1000:51a3] [1000:51a6, 1000:51ab] [1000:51ae, 1000:51c4]]
1000:51c5	FUN_1000_51c5	[[1000:51c5, 1000:51ca]]
1000:51cb	FUN_1000_51cb	[[1000:51cb, 1000:51e4]]
1000:51e5	FUN_1000_51e5	[[1000:51e5, 1000:51fe]]
1000:51ff	FUN_1000_51ff	[[1000:51ff, 1000:5216]]
1000:5217	FUN_1000_5217	[[1000:5217, 1000:5225]]
1000:5226	FUN_1000_5226	[[1000:5226, 1000:5234]]
1000:5235	FUN_1000_5235	[[1000:5235, 1000:5350] [1000:5353, 1000:535c] [1000:535f, 1000:5364] [1000:5367, 1000:536c] [1000:536f, 1000:5378]]
1000:5379	FUN_1000_5379	[[1000:5379, 1000:5457] [1000:545a, 1000:5463] [1000:5466, 1000:546b] [1000:546e, 1000:5473] [1000:5476, 1000:547f]]
1000:5480	FUN_1000_5480	[[1000:5480, 1000:54ac]]
1000:54ad	FUN_1000_54ad	[[1000:54ad, 1000:54f8]]
1000:54f9	FUN_1000_54f9	[[1000:54f9, 1000:5522]]
1000:5523	FUN_1000_5523	[[1000:5523, 1000:55fb]]
1000:55fc	FUN_1000_55fc	[[1000:55fc, 1000:5718]]
1000:5719	FUN_1000_5719	[[1000:5719, 1000:5727]]
1000:5728	FUN_1000_5728	[[1000:5728, 1000:5728]]
1000:5729	FUN_1000_5729	[[1000:5729, 1000:5729]]
1000:572a	FUN_1000_572a	[[1000:572a, 1000:5732]]
1000:5734	FUN_1000_5734	[[1000:5734, 1000:5749]]
1000:574a	FUN_1000_574a	[[1000:574a, 1000:5753]]
1000:5754	FUN_1000_5754	[[1000:5754, 1000:575d]]
1000:575e	FUN_1000_575e	[[1000:575e, 1000:576d]]
1000:576e	FUN_1000_576e	[[1000:576e, 1000:5a36]]
1000:5a37	FUN_1000_5a37	[[1000:5a37, 1000:5a4e]]
1000:5a6c	FUN_1000_5a6c	[[1000:5a6c, 1000:5a8a]]
1000:5a8b	FUN_1000_5a8b	[[1000:5a8b, 1000:5aab]]
1000:5aac	FUN_1000_5aac	[[1000:5aac, 1000:5bd0]]
1000:5bd1	FUN_1000_5bd1	[[1000:5bd1, 1000:5c05]]
1000:5c06	FUN_1000_5c06	[[1000:5c06, 1000:5cdd]]
1000:5ced	FUN_1000_5ced	[[1000:5ced, 1000:5e8b]]
1000:5e8d	FUN_1000_5e8d	[[1000:5e8d, 1000:5ea8]]
1000:5ea9	FUN_1000_5ea9	[[1000:5ea9, 1000:5ec7]]
1000:5ec8	FUN_1000_5ec8	[[1000:5ec8, 1000:5ed4]]
1000:5ed6	FUN_1000_5ed6	[[1000:5ed6, 1000:5f1b]]
1000:5f22	FUN_1000_5f22	[[1000:5f22, 1000:5f6b]]
1000:5f6c	FUN_1000_5f6c	[[1000:5f6c, 1000:5fb5]]
1000:5fb6	FUN_1000_5fb6	[[1000:5fb6, 1000:5fd7]]
1000:5fd8	FUN_1000_5fd8	[[1000:5fd8, 1000:5fe3]]
1000:5fe4	FUN_1000_5fe4	[[1000:5fe4, 1000:605a] [1000:605c, 1000:6072] [1000:6074, 1000:60cf]]
1000:60d0	FUN_1000_60d0	[[1000:60d0, 1000:6157] [1000:615a, 1000:61ce]]
1000:61d0	FUN_1000_61d0	[[1000:61d0, 1000:627a] [1000:627c, 1000:628e]]
1000:6290	FUN_1000_6290	[[1000:6290, 1000:62e8]]
1000:62ea	FUN_1000_62ea	[[1000:62ea, 1000:63b3]]
1000:63b4	FUN_1000_63b4	[[1000:63b4, 1000:63fa] [1000:63fc, 1000:641b]]
1000:641c	FUN_1000_641c	[[1000:641c, 1000:6434]]
1000:6436	FUN_1000_6436	[[1000:6436, 1000:6456]]
1000:6458	FUN_1000_6458	[[1000:6458, 1000:650e] [1000:6510, 1000:6514] [1000:6516, 1000:656a]]
1000:656c	FUN_1000_656c	[[1000:656c, 1000:65fc] [1000:65fe, 1000:6618] [1000:661a, 1000:6642] [1000:6644, 1000:66ae] [1000:66b0, 1000:6798] [1000:679a, 1000:67fa] [1000:67fc, 1000:6845]]
1000:6846	FUN_1000_6846	[[1000:6846, 1000:690b] [1000:690d, 1000:6951] [1000:6953, 1000:6a6b]]
1000:6a6d	FUN_1000_6a6d	[[1000:6a6d, 1000:6a80]]
1000:6a81	FUN_1000_6a81	[[1000:6a81, 1000:6ae3] [1000:6ae5, 1000:6aee]]
1000:6aef	FUN_1000_6aef	[[1000:6aef, 1000:6bfe] [1000:6c00, 1000:6d0d]]
1000:6d0e	FUN_1000_6d0e	[[1000:6d0e, 1000:6da4] [1000:6da6, 1000:6de2]]
1000:6de4	FUN_1000_6de4	[[1000:6de4, 1000:6e0a] [1000:6e0c, 1000:6e67]]
1000:6e68	FUN_1000_6e68	[[1000:6e68, 1000:6e71]]
1000:6e72	FUN_1000_6e72	[[1000:6e72, 1000:6eb5]]
1000:6eb6	FUN_1000_6eb6	[[1000:6eb6, 1000:6ed8]]
1000:6ed9	FUN_1000_6ed9	[[1000:6ed9, 1000:6fa8]]
1000:6fa9	FUN_1000_6fa9	[[1000:6fa9, 1702:0004]]
1702:03c0	FUN_1702_03c0	[[1702:03c0, 1702:03f7]]
1702:03f8	FUN_1702_03f8	[[1702:03f8, 1702:040f]]
1702:04e1	FUN_1702_04e1	[[1702:04e1, 1702:0512] [1702:0514, 1702:051c]]
1702:0524	FUN_1702_0524	[[1702:0524, 1702:0565] [1702:0567, 1702:056f]]
1702:0570	FUN_1702_0570	[[1702:0570, 1702:0595] [1702:0597, 1702:059f]]
1702:05a0	FUN_1702_05a0	[[1702:05a0, 1702:05bd] [1702:05bf, 1702:05c8]]
1702:05c9	FUN_1702_05c9	[[1702:05c9, 1702:05f2]]
1702:05f3	FUN_1702_05f3	[[1702:05f3, 1702:063d]]
1702:063e	FUN_1702_063e	[[1702:063e, 1702:06c8] [1702:06ca, 1702:06d2]]
1702:06d3	FUN_1702_06d3	[[1702:06d3, 1702:0713] [1702:0715, 1702:071d]]
1702:071e	FUN_1702_071e	[[1702:071e, 1702:0777] [1702:0779, 1702:0782]]
1702:0783	FUN_1702_0783	[[1702:0783, 1702:0842] [1702:0844, 1702:084d]]
1702:084e	FUN_1702_084e	[[1702:084e, 1702:088b] [1702:088d, 1702:0896]]
1702:0897	FUN_1702_0897	[[1702:0897, 1702:08aa] [1702:08ac, 1702:08b4]]
1702:08b5	FUN_1702_08b5	[[1702:08b5, 1702:08d1] [1702:08d3, 1702:08dc]]
1702:08fb	FUN_1702_08fb	[[1702:08fb, 1702:0917] [1702:0919, 1702:0922]]
1702:0941	FUN_1702_0941	[[1702:0941, 1702:098a] [1702:098c, 1702:0995]]
1702:0996	FUN_1702_0996	[[1702:0996, 1702:09cb] [1702:09cd, 1702:09d6]]
1702:09d7	FUN_1702_09d7	[[1702:09d7, 1702:0a12]]
1702:0a13	FUN_1702_0a13	[[1702:0a13, 1702:0a1c] [1702:0a1e, 1702:0a26]]
1702:0a27	FUN_1702_0a27	[[1702:0a27, 1702:0abd] [1702:0abf, 1702:0b09]]
1702:0b51	FUN_1702_0b51	[[1702:0b51, 1702:0b76]]
1702:0b77	FUN_1702_0b77	[[1702:0b77, 1702:0b7c]]
1702:0b7d	FUN_1702_0b7d	[[1702:0b7d, 1702:0c23] [1702:0c25, 1702:0c2e]]
1702:0c2f	FUN_1702_0c2f	[[1702:0c2f, 1702:0c61]]
1702:0c68	FUN_1702_0c68	[[1702:0c68, 1702:0c6d]]
1702:0c6e	FUN_1702_0c6e	[[1702:0c6e, 1702:0c73]]
1702:0c74	FUN_1702_0c74	[[1702:0c74, 1702:0c79]]
1702:0c8c	FUN_1702_0c8c	[[1702:0c8c, 1702:0c91]]
1702:0c92	FUN_1702_0c92	[[1702:0c92, 1702:0c97]]
1702:0ca4	FUN_1702_0ca4	[[1702:0ca4, 1702:0ca9]]
1702:0cc2	FUN_1702_0cc2	[[1702:0cc2, 1702:0cc7]]
1702:0cc8	FUN_1702_0cc8	[[1702:0cc8, 1702:0ccd]]
1702:0cce	FUN_1702_0cce	[[1702:0cce, 1702:0cd3]]
1702:0cd4	FUN_1702_0cd4	[[1702:0cd4, 1702:0cd9]]
1702:0cda	FUN_1702_0cda	[[1702:0cda, 1702:0cdf]]
1702:0ce0	FUN_1702_0ce0	[[1702:0ce0, 1702:0ce5]]
1702:0cf8	FUN_1702_0cf8	[[1702:0cf8, 1702:0cfd]]
1702:0cfe	FUN_1702_0cfe	[[1702:0cfe, 1702:0d03]]
1702:0d0a	FUN_1702_0d0a	[[1702:0d0a, 1702:0d0f]]
1702:0d1c	FUN_1702_0d1c	[[1702:0d1c, 1702:0d21]]
1702:0d2e	FUN_1702_0d2e	[[1702:0d2e, 1702:0d33]]
1702:0e80	FUN_1702_0e80	[[1702:0e80, 1702:0ea8] [1702:0eb3, 1702:0eb6]]
1702:0eb7	FUN_1702_0eb7	[[1702:0eb7, 1702:0eed]]
1702:0eee	FUN_1702_0eee	[[1702:0eee, 1702:0f34]]
1702:0f35	FUN_1702_0f35	[[1702:0f35, 1702:0f43]]
1702:0f44	FUN_1702_0f44	[[1702:0f44, 1702:0f5a]]
1702:0f5b	FUN_1702_0f5b	[[1702:0f5b, 1702:0f95]]
1702:0f96	FUN_1702_0f96	[[1702:0f96, 1702:1048]]
1702:1049	FUN_1702_1049	[[1702:1049, 1702:1062]]
1702:10b6	FUN_1702_10b6	[[1702:10b6, 1702:110a]]
1702:110b	FUN_1702_110b	[[1702:110b, 1702:1131]]
1702:1132	FUN_1702_1132	[[1702:1132, 1702:1288]]
1702:1289	FUN_1702_1289	[[1702:1289, 1702:12db]]
1702:12dc	FUN_1702_12dc	[[1702:12dc, 1702:1306]]
1702:1307	FUN_1702_1307	[[1702:1307, 1702:13dd]]
1702:13de	FUN_1702_13de	[[1702:13de, 1702:145d]]
1000:847e	FUN_1000_847e	[[1702:145e, 1702:146b]]
1000:848c	FUN_1000_848c	[[1702:146c, 1702:14d0]]
1000:84f1	FUN_1000_84f1	[[1702:14d1, 1702:1503]]
1000:8524	FUN_1000_8524	[[1702:1504, 1702:1629]]
1000:864a	FUN_1000_864a	[[1702:162a, 1702:168a]]
1000:86ab	FUN_1000_86ab	[[1702:168b, 1702:169f]]
1000:86c0	FUN_1000_86c0	[[1702:16a0, 1702:1745]]
1000:8766	FUN_1000_8766	[[1702:1746, 1702:1833]]
1000:8854	FUN_1000_8854	[[1702:1834, 1702:1870]]
1000:8891	FUN_1000_8891	[[1702:1871, 1702:18b8]]
1702:18b9	FUN_1702_18b9	[[1702:18b9, 1702:18fc]]
1000:891d	FUN_1000_891d	[[1702:18fd, 1702:190b]]
